,customer_id,pred_of_churn,prob_of_churn
189,0305-SQECB,0,0.17
6423,9095-HFAFX,1,0.46
1504,2208-NQBCT,0,0.17
3996,5639-NTUPK,0,0.17
2689,3812-LRZIR,0,0.17
4916,6918-UMQCG,0,0.17
4151,5868-YWPDW,1,0.46
1220,1809-DMJHQ,1,0.46
4446,6265-FRMTQ,0,0.17
378,0562-KBDVM,0,0.17
1820,2657-ALMWY,1,0.46
3197,4581-SSPWD,1,0.46
4454,6283-GITPX,0,0.17
3262,4662-EKDPQ,1,0.46
2586,3696-XRIEN,0,0.17
379,0564-JJHGS,1,0.46
1783,2606-RMDHZ,1,0.46
832,1215-FIGMP,0,0.17
5587,7868-TMWMZ,0,0.17
4303,6064-PUPMC,0,0.17
299,0440-MOGPM,0,0.17
1640,2382-BCKQJ,1,0.46
1720,2507-QZPQS,0,0.17
4478,6319-QSUSR,0,0.17
111,0196-JTUQI,0,0.17
462,0675-NCDYU,0,0.17
525,0771-WLCLA,0,0.17
1331,1981-INRFU,1,0.46
6966,9885-CSMWE,1,0.46
5311,7503-QQRVF,1,0.46
4204,5937-EORGB,0,0.17
5962,8404-FYDIB,0,0.17
3058,4376-KFVRS,0,0.17
1542,2252-JHJGE,0,0.17
2018,2911-IJORQ,0,0.17
861,1251-KRREG,1,0.46
5017,7054-DMVAS,0,0.17
1169,1724-BQUHA,1,0.46
3063,4385-GZQXV,1,0.46
1586,2311-QYMUQ,1,0.46
6686,9500-WBGRP,0,0.17
6665,9481-SFCQY,0,0.17
1748,2546-KZAAT,0,0.17
3373,4806-HIPDW,1,0.46
6254,8849-PRIQJ,0,0.17
5845,8220-OCUFY,0,0.17
6816,9680-NIAUV,0,0.17
3490,4945-RVMTE,0,0.17
2707,3853-LYGAM,0,0.17
5122,7206-PQBBZ,0,0.17
6928,9828-QHFBK,0,0.17
1459,2154-KVJFF,1,0.46
2985,4277-UDIEF,0,0.17
4228,5966-EMAZU,0,0.17
6898,9796-BPKIW,0,0.17
5898,8295-KMENE,0,0.17
4453,6281-FKEWS,0,0.17
3672,5178-LMXOP,1,0.46
5981,8434-PNQZX,0,0.17
1061,1550-EENBN,0,0.17
6181,8748-HFWBO,0,0.17
527,0774-IFUVM,0,0.17
5231,7361-YPXFS,0,0.17
6918,9821-BESNZ,0,0.17
4477,6319-IEJWJ,1,0.46
3824,5376-PCKNB,0,0.17
486,0708-SJDIS,0,0.17
6257,8854-CCVSQ,1,0.46
1965,2845-AFFTX,1,0.46
1401,2073-QBVBI,0,0.17
6136,8695-ARGXZ,0,0.17
1177,1730-ZMAME,0,0.17
351,0516-VRYBW,1,0.46
1195,1761-AEZZR,1,0.46
6165,8734-FNWVH,0,0.17
5088,7147-AYBAA,0,0.17
2154,3088-LHEFH,0,0.17
6522,9253-VIFJQ,0,0.17
755,1098-TDVUQ,0,0.17
5013,7047-FWEYA,0,0.17
3825,5377-NDTOU,0,0.17
6184,8749-TZYEC,0,0.17
3842,5394-SVGJV,1,0.46
2178,3118-UHVVQ,0,0.17
5149,7244-QWYHG,0,0.17
5665,7989-AWGEH,0,0.17
6565,9330-VOFSZ,0,0.17
2365,3389-YGYAI,1,0.46
4552,6416-YJTTB,0,0.17
558,0822-QGCXA,0,0.17
328,0486-LGCCH,0,0.17
2440,3496-LFSZU,0,0.17
4757,6695-FRVEC,0,0.17
3819,5371-VYLSX,0,0.17
3053,4369-HTUIF,1,0.46
761,1104-TNLZA,0,0.17
1922,2798-NYLMZ,0,0.17
1120,1635-NZATJ,0,0.17
2782,3957-LXOLK,1,0.46
9,0016-QLJIS,0,0.17
191,0307-BCOPK,0,0.17
930,1349-WXNGG,1,0.46
1362,2026-TGDHM,1,0.46
6676,9494-BDNNC,0,0.17
1008,1455-HFBXA,0,0.17
4574,6447-GORXK,0,0.17
6677,9494-MRNYX,0,0.17
3006,4302-ZYFEL,0,0.17
967,1400-MMYXY,1,0.46
2244,3207-OYBWH,1,0.46
4709,6633-SYEUS,0,0.17
6804,9659-QEQSY,0,0.17
5207,7322-OCWHC,0,0.17
1494,2202-OUTMO,0,0.17
3664,5174-ITUMV,0,0.17
2419,3462-BJQQA,0,0.17
953,1384-RCUXW,0,0.17
1073,1564-NTYXF,1,0.46
435,0637-UBJRP,1,0.46
1861,2696-RZVZW,0,0.17
6286,8896-BQTTI,0,0.17
5111,7182-OVLBJ,0,0.17
1916,2791-SFVEW,0,0.17
577,0848-SOMKO,0,0.17
1940,2815-CPTUL,1,0.46
5143,7240-FQLHE,1,0.46
3799,5343-SGUBI,0,0.17
6653,9467-ROOLM,0,0.17
2407,3446-QDSZF,0,0.17
6835,9708-KFDBY,0,0.17
4810,6769-DCQLI,1,0.46
6025,8519-IMDHU,1,0.46
5684,8008-OTEZX,0,0.17
1823,2660-EMUBI,1,0.46
4910,6908-VVYHM,0,0.17
6333,8967-SZQAS,0,0.17
4537,6394-HHHZM,0,0.17
6326,8958-JPTRR,0,0.17
5993,8454-AATJP,0,0.17
812,1184-PJVDB,1,0.46
4499,6345-HOVES,0,0.17
3768,5306-BVTKJ,0,0.17
6861,9746-YKGXB,0,0.17
4421,6233-HXJMX,0,0.17
5067,7128-GGCNO,0,0.17
1909,2782-JEEBU,0,0.17
345,0512-FLFDW,0,0.17
5328,7526-BEZQB,1,0.46
2968,4237-RLAQD,1,0.46
3215,4612-SSVHJ,0,0.17
3635,5146-YYFRZ,0,0.17
3470,4918-FYJNT,0,0.17
3621,5134-IKDAY,1,0.46
2081,2988-GBIVW,0,0.17
2446,3506-OVLKD,0,0.17
4088,5777-ZPQNC,0,0.17
5382,7596-IIWYC,0,0.17
1408,2079-FBMZK,1,0.46
2619,3727-OVPRY,0,0.17
2290,3274-NSDWE,0,0.17
2021,2916-BQZLN,0,0.17
4572,6445-TNRXS,0,0.17
6735,9565-DJPIB,1,0.46
4028,5680-LQOGP,0,0.17
5415,7627-JKIAZ,1,0.46
4369,6164-HXUGH,0,0.17
4861,6851-WEFYX,0,0.17
827,1208-NBVFH,0,0.17
3494,4950-BDEUX,0,0.17
6003,8468-FZTOE,0,0.17
5380,7595-EHCDL,0,0.17
6255,8851-RAGOV,0,0.17
534,0786-IVLAW,0,0.17
2187,3133-PZNSR,0,0.17
2277,3255-GRXMG,0,0.17
4722,6651-AZVTJ,1,0.46
1287,1915-OAKWD,0,0.17
3398,4825-FUREZ,0,0.17
2842,4056-QHXHZ,0,0.17
5760,8100-HZZLJ,0,0.17
1029,1488-PBLJN,0,0.17
4338,6121-VZNQB,1,0.46
2809,3999-QGRJH,1,0.46
5019,7054-LGEQW,1,0.46
60,0104-PPXDV,0,0.17
6146,8708-XPXHZ,1,0.46
6858,9743-DQKQW,0,0.17
6061,8591-NXRCV,0,0.17
533,0784-ZQJZX,0,0.17
873,1265-XTECC,1,0.46
3484,4933-IKULF,0,0.17
1193,1757-TCATG,0,0.17
3667,5175-WLYXL,0,0.17
1898,2754-XBHTB,1,0.46
3225,4625-LAMOB,0,0.17
454,0667-NSRGI,0,0.17
3263,4664-NJCMS,0,0.17
2693,3823-KYNQY,0,0.17
4492,6339-TBELP,0,0.17
5607,7895-VONWT,0,0.17
3956,5569-IDSEY,0,0.17
4451,6275-YDUVO,1,0.46
4460,6288-CHQJB,0,0.17
3352,4781-ZXYGU,0,0.17
4597,6481-ESCNL,0,0.17
34,0056-EPFBG,0,0.17
1265,1867-BDVFH,1,0.46
6227,8807-ARQET,0,0.17
1232,1830-GGFNM,0,0.17
2854,4075-JFPGR,0,0.17
151,0253-ZTEOB,0,0.17
1560,2272-UOINI,0,0.17
6033,8544-JNBOX,0,0.17
2860,4079-VTGLK,0,0.17
5548,7813-ZGGAW,0,0.17
3387,4817-VYYWS,1,0.46
2509,3585-YNADK,0,0.17
1556,2267-WTPYD,0,0.17
312,0463-TXOAK,0,0.17
4872,6862-CQUMB,0,0.17
1627,2369-FEVNO,0,0.17
2193,3143-JQEGI,1,0.46
3538,5018-GWURO,0,0.17
2101,3012-VFFMN,0,0.17
662,0969-RGKCU,0,0.17
5835,8207-VVMYB,0,0.17
5895,8292-TYSPY,1,0.46
3069,4393-GEADV,0,0.17
3418,4844-JJWUY,1,0.46
6444,9124-LHCJQ,1,0.46
4019,5666-MBJPT,0,0.17
6922,9822-WMWVG,0,0.17
5687,8015-IHCGW,0,0.17
871,1265-BCFEO,0,0.17
4111,5815-HGGHV,0,0.17
7027,9971-ZWPBF,0,0.17
5641,7952-OBOYL,0,0.17
1622,2361-UPSND,0,0.17
1462,2159-TURXX,0,0.17
6448,9129-UXERG,0,0.17
5533,7789-HKSBS,0,0.17
6801,9650-VBUOG,0,0.17
6559,9317-WZPGV,1,0.46
4549,6413-XKKPU,1,0.46
3709,5219-YIPTK,1,0.46
1907,2777-PHDEI,1,0.46
3884,5458-CQJTA,1,0.46
6206,8778-LMWTJ,0,0.17
409,0607-MVMGC,0,0.17
411,0611-DFXKO,1,0.46
6011,8490-BXHEO,0,0.17
4098,5793-YOLJN,0,0.17
4199,5930-GBIWP,0,0.17
256,0380-ZCSBI,0,0.17
4107,5804-LEPIM,1,0.46
4761,6701-YVNQG,0,0.17
6594,9371-BITHB,0,0.17
7000,9932-WBWIK,0,0.17
5438,7657-DYEPJ,1,0.46
5878,8263-OKETD,0,0.17
1524,2234-EOFPT,0,0.17
5449,7666-WKRON,1,0.46
4992,7017-VFULY,0,0.17
5910,8318-LCNBW,0,0.17
6652,9465-RWMXL,1,0.46
6589,9365-SRSZE,0,0.17
3409,4830-FAXFM,0,0.17
492,0723-DRCLG,1,0.46
1774,2592-SEIFQ,1,0.46
3950,5564-NEMQO,1,0.46
3619,5133-POWUA,0,0.17
4738,6680-NENYN,1,0.46
5717,8050-XGRVL,0,0.17
184,0301-FIDRB,0,0.17
2862,4080-IIARD,0,0.17
6729,9555-SAHUZ,0,0.17
2097,3006-XIMLN,1,0.46
257,0383-CLDDA,0,0.17
1046,1525-LNLOJ,0,0.17
2028,2925-VDZHY,0,0.17
1933,2809-ILCYT,0,0.17
1240,1839-FBNFR,0,0.17
2387,3415-TAILE,1,0.46
2753,3915-ODIYG,0,0.17
3522,4993-JCRGJ,0,0.17
782,1137-DGOWI,0,0.17
436,0637-YLETY,1,0.46
5929,8348-JLBUG,0,0.17
1010,1456-TWCGB,0,0.17
6492,9206-GVPEQ,1,0.46
5617,7912-SYRQT,1,0.46
21,0023-XUOPT,1,0.46
3969,5590-YRFJT,1,0.46
22,0027-KWYKW,0,0.17
4333,6115-ZTBFQ,0,0.17
2758,3926-YZVVX,0,0.17
5799,8165-ZJRNM,0,0.17
3264,4667-OHGKG,1,0.46
931,1352-HNSAW,0,0.17
4503,6349-JDHQP,0,0.17
815,1194-BHJYC,0,0.17
4315,6086-ESGRL,1,0.46
3534,5014-WUQMG,0,0.17
3765,5301-GAUUY,1,0.46
1047,1527-SXDPN,1,0.46
4968,6992-TKNYO,0,0.17
4357,6141-OOXUQ,1,0.46
2830,4021-RQSNY,1,0.46
3393,4822-LPTYJ,0,0.17
5286,7463-IFMQU,0,0.17
6365,9019-QVLZD,1,0.46
1914,2789-HQBOU,0,0.17
843,1226-IENZN,0,0.17
2620,3727-OWVYD,0,0.17
4641,6549-NNDYT,0,0.17
6133,8687-BAFGU,0,0.17
6071,8606-CIQUL,0,0.17
3733,5248-YGIJN,0,0.17
4779,6726-WEXXK,0,0.17
89,0141-YEAYS,0,0.17
3618,5131-PONJI,0,0.17
1576,2294-SALNE,0,0.17
6058,8587-XYZSF,0,0.17
2362,3387-PLKUI,0,0.17
3519,4989-LIXVT,0,0.17
4948,6968-GMKPR,0,0.17
2597,3712-PKXZA,0,0.17
6329,8963-MQVYN,0,0.17
3963,5575-TPIZQ,0,0.17
6863,9750-BOOHV,0,0.17
1870,2717-HVIZY,0,0.17
2261,3230-JCNZS,0,0.17
3210,4603-JANFB,1,0.46
4039,5696-EXCYS,0,0.17
5920,8332-OSJDW,0,0.17
4806,6762-NSODU,0,0.17
2986,4280-DLSHD,0,0.17
2378,3404-JNXAX,0,0.17
4898,6898-RBTLU,0,0.17
3080,4415-IJZTP,1,0.46
426,0623-EJQEG,0,0.17
5861,8237-ULIXL,0,0.17
700,1032-MAELW,0,0.17
6764,9603-OAIHC,0,0.17
1554,2266-SJNAT,0,0.17
5481,7716-YTYHG,1,0.46
940,1360-JYXKQ,0,0.17
2694,3824-RHKVR,0,0.17
4280,6029-WTIPC,1,0.46
3543,5022-JNQEQ,0,0.17
2692,3815-SLMEF,1,0.46
3845,5397-TUPSH,0,0.17
1043,1518-OMDIK,0,0.17
3680,5188-HGMLP,0,0.17
6807,9661-JALZV,0,0.17
4360,6145-NNPNO,0,0.17
6126,8676-TRMJS,1,0.46
1805,2636-OHFMN,1,0.46
5755,8097-OMULG,0,0.17
5095,7159-FVYPK,0,0.17
3077,4403-BWPAY,0,0.17
30,0048-LUMLS,0,0.17
6680,9496-IVVRP,0,0.17
4412,6218-KNUBD,0,0.17
3843,5396-IZEPB,0,0.17
397,0585-EGDDA,0,0.17
5686,8012-SOUDQ,0,0.17
4020,5668-MEISB,0,0.17
2230,3190-XFANI,1,0.46
1352,2012-NWRPA,1,0.46
5576,7853-WNZSY,0,0.17
6582,9359-UGBTK,0,0.17
524,0771-CHWSK,0,0.17
3577,5067-WJEUN,0,0.17
5129,7218-HKQFK,1,0.46
532,0784-GTUUK,0,0.17
4529,6379-RXJRQ,1,0.46
5351,7560-QJAVJ,0,0.17
3234,4632-PAOYU,0,0.17
6531,9274-CNFMO,1,0.46
4580,6463-HHXJR,0,0.17
5343,7549-MYGPK,1,0.46
301,0440-UEDAI,0,0.17
3501,4957-TREIR,0,0.17
915,1334-FJSVR,1,0.46
381,0565-IYCGT,1,0.46
5829,8204-TIFGJ,0,0.17
2457,3520-FJGCV,0,0.17
2925,4177-JPDFU,0,0.17
1998,2884-GBPFB,1,0.46
3212,4608-LCIMN,0,0.17
5905,8313-NDOIA,0,0.17
4863,6855-VLGOS,0,0.17
5385,7598-UAASY,1,0.46
5923,8337-UPOAQ,1,0.46
6619,9405-GPBBG,0,0.17
5970,8413-VONUO,1,0.46
4502,6348-SNFUS,0,0.17
5294,7473-ZBDSN,0,0.17
3378,4813-HQMGZ,0,0.17
6701,9518-IMLHK,0,0.17
2546,3642-GKTCT,0,0.17
5121,7206-GZCDC,1,0.46
5262,7410-OIEDU,0,0.17
306,0454-OKRCT,0,0.17
4792,6734-GMPVK,0,0.17
2299,3284-SVCRO,0,0.17
5355,7563-BIUPC,1,0.46
5097,7161-DFHUF,0,0.17
6821,9689-PTNPG,1,0.46
3231,4628-WQCQQ,1,0.46
4130,5842-POCOP,1,0.46
6782,9626-VFRGG,0,0.17
6646,9448-REEVD,1,0.46
2122,3050-GBUSH,0,0.17
3590,5089-IFSDP,1,0.46
2978,4256-ZWTZI,0,0.17
6063,8592-PLTMQ,0,0.17
6487,9190-MFJLN,1,0.46
5022,7055-VKGDA,1,0.46
5204,7321-PKUYW,1,0.46
2761,3932-CMDTD,1,0.46
2376,3401-URHDA,0,0.17
1437,2121-JAFOM,0,0.17
3846,5399-ZIMKF,0,0.17
5710,8043-PNYSD,0,0.17
3247,4646-QZXTF,0,0.17
392,0580-PIQHM,0,0.17
4864,6856-RAURS,0,0.17
324,0484-FFVBJ,0,0.17
4801,6746-WAUWT,0,0.17
4030,5684-FJVYR,0,0.17
2877,4102-HLENU,0,0.17
835,1216-JWVUX,0,0.17
4275,6022-UGGSO,1,0.46
6438,9114-DPSIA,0,0.17
751,1095-WGNGG,0,0.17
4844,6827-IEAUQ,0,0.17
658,0962-CQPWQ,0,0.17
4198,5928-QLDHB,0,0.17
3167,4544-RXFMG,0,0.17
491,0722-TROQR,1,0.46
4179,5908-QMGOE,1,0.46
5147,7243-LCGGZ,0,0.17
2046,2952-QAYZF,1,0.46
224,0345-XMMUG,0,0.17
5754,8096-LOIST,0,0.17
1176,1730-VFMWO,0,0.17
1721,2509-TFPJU,0,0.17
2453,3512-IZIKN,1,0.46
5677,7998-ZLXWN,0,0.17
671,0980-FEXWF,0,0.17
2502,3580-GICBM,0,0.17
4612,6504-VBLFL,0,0.17
1819,2656-TABEH,1,0.46
4624,6518-PPLMZ,0,0.17
501,0731-EBJQB,0,0.17
5120,7205-BAIAD,0,0.17
5671,7994-XIRTR,0,0.17
3968,5590-BYNII,1,0.46
4415,6227-FBDXH,0,0.17
4715,6646-JPPHA,0,0.17
5672,7995-ZHHNZ,0,0.17
3129,4487-ZYJZK,0,0.17
5494,7733-UDMTP,0,0.17
1815,2650-GYRYL,0,0.17
214,0329-GTIAJ,1,0.46
1327,1976-AZZPJ,0,0.17
2977,4255-DDUOU,1,0.46
3615,5129-JLPIS,0,0.17
5270,7427-AUFPY,0,0.17
57,0098-BOWSO,0,0.17
6282,8884-MRNSU,0,0.17
6250,8845-LWKGE,0,0.17
2672,3796-ENZGF,0,0.17
5588,7869-ZYDST,0,0.17
3435,4872-JCVCA,0,0.17
2847,4062-HBMOS,0,0.17
237,0365-BZUWY,0,0.17
809,1178-PZGAB,0,0.17
1657,2408-PSJVE,0,0.17
3465,4910-GMJOT,1,0.46
4264,6000-UKLWI,0,0.17
2313,3313-QKNKB,1,0.46
526,0772-GYEQQ,1,0.46
4623,6518-LGAOV,1,0.46
3536,5016-IBERQ,0,0.17
2850,4067-HLYQI,0,0.17
4581,6463-MVYRY,0,0.17
4798,6741-QRLUP,0,0.17
2521,3605-JISKB,0,0.17
1183,1740-CSDJP,1,0.46
74,0121-SNYRK,0,0.17
5771,8118-LSUEL,1,0.46
3986,5619-XZZKR,0,0.17
5560,7826-VVKWT,0,0.17
2577,3682-YEUWS,0,0.17
1134,1663-MHLHE,0,0.17
6905,9801-GDWGV,1,0.46
2819,4010-YLMVT,0,0.17
1070,1561-BWHIN,0,0.17
5567,7841-TZDMQ,1,0.46
177,0285-INHLN,0,0.17
608,0895-DQHEW,1,0.46
1538,2249-YPRNG,1,0.46
2235,3195-TQDZX,0,0.17
4905,6906-ANDWJ,1,0.46
6617,9402-ORRAH,0,0.17
979,1421-HCERK,0,0.17
6460,9140-CZQZZ,0,0.17
6730,9558-IHEZX,0,0.17
1188,1751-NCDLI,0,0.17
4316,6087-MVHJH,1,0.46
5848,8224-DWCKX,0,0.17
5255,7402-PWYJJ,0,0.17
575,0843-WTBXE,1,0.46
3751,5286-YHCVC,0,0.17
868,1262-OPMFY,1,0.46
2879,4104-PVRPS,0,0.17
783,1139-WUOAH,0,0.17
707,1043-UXOVO,0,0.17
1182,1735-XMJVH,0,0.17
6268,8871-JLMHM,0,0.17
5281,7450-NWRTR,1,0.46
1453,2144-ESWKO,0,0.17
2301,3292-PBZEJ,0,0.17
4561,6429-SHBCB,0,0.17
5271,7432-FFVAR,0,0.17
193,0308-IVGOK,0,0.17
1601,2330-PQGDQ,0,0.17
5398,7608-RGIRO,0,0.17
6016,8498-XXGWA,0,0.17
3606,5119-KEPFY,0,0.17
4800,6745-JEFZB,0,0.17
6885,9778-OGKQZ,0,0.17
6526,9258-CNWAC,0,0.17
6708,9526-JAWYF,1,0.46
4746,6686-YPGHK,1,0.46
5189,7299-GNVPL,0,0.17
625,0917-EZOLA,1,0.46
5734,8069-RHUXK,0,0.17
5605,7892-QVYKW,0,0.17
6675,9492-TOKRI,1,0.46
2383,3411-WLRSQ,0,0.17
6407,9070-BCKQP,0,0.17
236,0363-SVHYR,0,0.17
2784,3961-SXAXY,0,0.17
592,0870-VEMYL,1,0.46
6488,9191-MYQKX,1,0.46
6265,8868-WOZGU,1,0.46
1255,1853-UDXBW,1,0.46
6945,9848-JQJTX,0,0.17
221,0337-CNPZE,1,0.46
905,1320-GVNHT,0,0.17
483,0704-VCUMB,0,0.17
723,1066-JKSGK,1,0.46
3304,4710-FDUIZ,1,0.46
6409,9074-KGVOX,0,0.17
2724,3874-EQOEP,1,0.46
4681,6603-QWSPR,0,0.17
3888,5469-CTCWN,1,0.46
6514,9242-TKFSV,0,0.17
6156,8720-RQSBJ,0,0.17
5376,7593-JNWRU,1,0.46
903,1310-QRITU,0,0.17
5208,7325-ENZFI,0,0.17
105,0187-WZNAB,0,0.17
3195,4580-TMHJU,1,0.46
4185,5915-ANOEI,0,0.17
6771,9617-INGJY,0,0.17
4734,6668-CNMFP,0,0.17
6876,9769-TSBZE,0,0.17
4887,6890-PFRQX,0,0.17
6659,9474-PHLYD,1,0.46
1528,2235-ZGKPT,1,0.46
5268,7426-RHZGU,0,0.17
6997,9929-PLVPA,0,0.17
5332,7530-HDYDS,1,0.46
4579,6461-SZMCV,0,0.17
5608,7898-PDWQE,0,0.17
6143,8706-HRADD,0,0.17
2498,3571-RFHAR,1,0.46
3953,5567-GZKQY,0,0.17
5210,7328-OWMOM,0,0.17
6482,9174-IHETN,0,0.17
2865,4083-BFNYK,0,0.17
2544,3640-PHQXK,1,0.46
3657,5168-MSWXT,0,0.17
3084,4422-QVIJA,0,0.17
2616,3724-UCSHY,0,0.17
1242,1840-BIUOG,0,0.17
3831,5382-TEMLV,0,0.17
6353,8992-VONJD,0,0.17
1198,1764-VUUMT,0,0.17
2063,2969-VAPYH,0,0.17
1152,1697-LYYYX,0,0.17
2430,3481-JHUZH,0,0.17
3682,5193-QLVZB,0,0.17
2468,3530-VWVGU,0,0.17
4742,6682-VCIXC,0,0.17
5420,7633-MVPUY,0,0.17
6820,9688-YGXVR,0,0.17
5655,7971-HLVXI,0,0.17
2222,3178-FESZO,1,0.46
4069,5740-YHGTW,0,0.17
3638,5149-CUZUJ,0,0.17
693,1024-KPRBB,0,0.17
1546,2256-YLYLP,0,0.17
5935,8364-TRMMK,1,0.46
2164,3096-WPXBT,0,0.17
3172,4548-SDBKE,1,0.46
4847,6834-NXDCA,1,0.46
4456,6284-KMNUF,0,0.17
1831,2669-QVCRG,0,0.17
744,1090-PYKCI,0,0.17
4548,6410-LEFEN,1,0.46
1507,2211-RMNHO,0,0.17
6987,9919-FZDED,0,0.17
3015,4315-MURBD,1,0.46
3885,5461-QKNTN,0,0.17
3516,4986-MXSFP,0,0.17
4058,5716-EZXZN,0,0.17
5531,7787-BNTZM,0,0.17
787,1143-NMNQJ,1,0.46
2374,3399-BMLVW,0,0.17
2543,3640-JQGJG,0,0.17
3899,5482-PLVPE,1,0.46
4024,5673-FSSMF,1,0.46
5071,7130-CTCUS,0,0.17
5254,7402-EYFXX,0,0.17
6226,8806-EAGWC,1,0.46
1392,2057-ZBLPD,1,0.46
1641,2384-OVPSA,0,0.17
6319,8945-MUQUF,1,0.46
366,0536-BGFMZ,0,0.17
5434,7647-GYYKX,0,0.17
4643,6551-GNYDG,0,0.17
6670,9488-HGMJH,1,0.46
36,0058-EVZWM,0,0.17
3712,5222-JCXZT,0,0.17
1613,2348-KCJLT,0,0.17
5235,7375-WMVMT,0,0.17
2712,3863-IUBJR,1,0.46
2109,3027-YNWZU,0,0.17
5767,8109-YUOHE,0,0.17
5263,7410-YTJIK,1,0.46
3526,5002-GCQFH,0,0.17
6193,8757-TFHHJ,0,0.17
2833,4026-SKKHW,0,0.17
2291,3275-RHRNE,0,0.17
3070,4393-OBCRR,0,0.17
3420,4847-QNOKA,1,0.46
766,1114-CENIM,1,0.46
1539,2250-IVBWA,0,0.17
4374,6169-PGNCD,0,0.17
736,1086-LXKFY,1,0.46
5050,7103-IPXPJ,0,0.17
5152,7246-ZGQDF,0,0.17
2368,3393-FMZPV,1,0.46
1378,2040-OBMLJ,0,0.17
6612,9396-ZSFLL,0,0.17
6362,9003-CPATH,0,0.17
2252,3217-FZDMN,1,0.46
4931,6941-PMGEP,1,0.46
2615,3724-BSCVH,0,0.17
2047,2954-PIBKO,0,0.17
2948,4199-QHJNM,0,0.17
3086,4423-YLHDV,1,0.46
6389,9053-JZFKV,1,0.46
4952,6972-SNKKW,0,0.17
3039,4351-QLCSU,1,0.46
3300,4706-DGAHW,0,0.17
6415,9086-YJYXS,0,0.17
6382,9046-JBFWA,0,0.17
220,0336-PIKEI,0,0.17
3675,5183-KLYEM,0,0.17
4885,6885-PKOAM,0,0.17
869,1264-BYWMS,1,0.46
316,0468-YRPXN,0,0.17
6813,9674-EHPPG,0,0.17
3107,4452-ROHMO,0,0.17
3289,4697-LUPSU,0,0.17
11,0017-IUDMW,0,0.17
4475,6313-GIDIT,1,0.46
3202,4587-VVTOX,1,0.46
5747,8085-MSNLK,0,0.17
3896,5480-XTFFL,0,0.17
1605,2335-GSODA,0,0.17
2612,3721-WKIIL,0,0.17
5774,8123-QBNAZ,0,0.17
1427,2103-ZRXFN,0,0.17
2228,3190-FZATL,0,0.17
3593,5092-STPKP,0,0.17
5889,8280-MQRQN,1,0.46
3152,4523-WXCEF,1,0.46
2023,2920-RNCEZ,0,0.17
2337,3346-BRMIS,1,0.46
1379,2040-VZIKE,0,0.17
2125,3055-OYMSE,0,0.17
432,0634-SZPQA,1,0.46
5651,7967-HYCDE,0,0.17
678,0997-YTLNY,0,0.17
6752,9585-KKMFD,0,0.17
493,0723-FDLAY,0,0.17
683,1010-DIAUQ,1,0.46
4376,6171-ZTVYB,0,0.17
5179,7284-BUYEC,0,0.17
6393,9057-SIHCH,1,0.46
1389,2055-SIFSS,0,0.17
5164,7267-FRMJW,0,0.17
2973,4250-FDVOU,1,0.46
745,1091-SOZGA,0,0.17
6198,8769-KKTPH,0,0.17
6510,9236-NDUCW,0,0.17
98,0174-QRVVY,0,0.17
3366,4800-VHZKI,1,0.46
320,0479-HMSWA,0,0.17
2867,4086-ATNFV,0,0.17
6381,9046-DQMTP,0,0.17
2231,3191-CSNMG,0,0.17
4335,6119-SPUDB,0,0.17
1353,2013-SGDXK,1,0.46
2225,3181-VTHOE,0,0.17
4938,6956-SMUCM,1,0.46
5384,7596-ZYWBB,0,0.17
4656,6572-ADKRS,0,0.17
3796,5338-YHWYT,0,0.17
2585,3696-DFHHB,0,0.17
3966,5583-EJXRD,0,0.17
5001,7028-DVOIQ,1,0.46
3781,5318-YKDPV,0,0.17
4925,6927-WTFIV,1,0.46
6421,9093-FPDLG,0,0.17
4449,6267-DCFFZ,0,0.17
3330,4742-TXUEX,0,0.17
4441,6259-WJQLC,0,0.17
5869,8250-ZNGGW,0,0.17
2979,4257-GAESD,0,0.17
801,1169-WCVAK,0,0.17
3921,5519-TEEUH,0,0.17
6909,9804-ICWBG,1,0.46
840,1222-KJNZD,0,0.17
6118,8663-UPDGF,0,0.17
1529,2236-HILPA,0,0.17
791,1154-HYWWO,0,0.17
3583,5075-JSDKI,0,0.17
5680,8006-PYCSW,0,0.17
3341,4760-THGOT,0,0.17
2827,4018-KJYUY,0,0.17
2532,3627-FCRDW,1,0.46
101,0178-SZBHO,0,0.17
4837,6817-WTYHE,0,0.17
160,0260-ZDLGK,1,0.46
6445,9127-FHJBZ,0,0.17
4582,6464-KEXXH,0,0.17
2009,2898-LSJGD,1,0.46
4915,6917-YACBP,0,0.17
4994,7018-WBJNK,0,0.17
131,0224-HJAPT,1,0.46
6080,8620-RJPZN,0,0.17
5047,7100-FQPRV,0,0.17
5669,7993-PYKOF,1,0.46
4491,6339-RZCBJ,0,0.17
3772,5310-NOOVA,0,0.17
846,1227-UDMZR,0,0.17
1021,1474-JUWSM,0,0.17
2284,3259-QMXUN,0,0.17
4255,5995-WWKKG,0,0.17
4288,6036-TTFYU,0,0.17
4510,6357-JJPQT,0,0.17
1647,2391-SOORI,1,0.46
2667,3791-LGQCY,1,0.46
1340,1996-DBMUS,0,0.17
5369,7579-OOPEC,1,0.46
684,1013-QCWAM,0,0.17
816,1194-HVAIF,0,0.17
3204,4589-IUAJB,0,0.17
4404,6210-KBBPI,1,0.46
5484,7718-UPSKJ,0,0.17
1866,2709-UQGNP,0,0.17
3441,4879-GZLFH,0,0.17
2726,3878-AVSOQ,0,0.17
87,0137-UDEUO,1,0.46
2990,4283-FUTGF,1,0.46
4957,6980-CDGFC,0,0.17
4010,5651-CRHKQ,0,0.17
3951,5565-FILXA,1,0.46
6486,9189-JWSHV,1,0.46
5555,7821-DPRQE,0,0.17
1037,1498-NHTLT,0,0.17
4004,5649-RXQTV,0,0.17
6075,8610-ZIKJJ,0,0.17
6355,8993-PHFWD,1,0.46
5008,7036-TYDEC,0,0.17
137,0230-UBYPQ,0,0.17
2575,3679-XASPY,0,0.17
1684,2454-RPBRZ,1,0.46
3934,5539-HIVAK,0,0.17
270,0401-WDBXM,0,0.17
5525,7780-OTDSO,1,0.46
933,1353-GHZOS,0,0.17
2369,3396-DKDEL,0,0.17
5708,8042-JVNFH,1,0.46
982,1427-VERSM,0,0.17
2206,3161-ONRWK,0,0.17
3071,4393-RYCRE,0,0.17
4986,7011-CVEUC,0,0.17
4432,6248-TKCQV,0,0.17
6277,8882-TLVRW,0,0.17
5690,8017-LXHFA,1,0.46
370,0547-HURJB,0,0.17
5105,7175-NTIXE,0,0.17
6182,8749-CLJXC,0,0.17
451,0661-XEYAN,1,0.46
5287,7465-ZZRVX,0,0.17
5053,7105-MXJLL,0,0.17
5883,8267-ZNYVZ,1,0.46
6131,8681-ICONS,0,0.17
5632,7938-OUHIO,1,0.46
405,0603-OLQDC,0,0.17
2703,3845-FXCYS,0,0.17
4829,6797-UCJHZ,0,0.17
4339,6122-EFVKN,0,0.17
5238,7379-POKDZ,1,0.46
461,0674-GCDXG,0,0.17
2660,3779-OSWCF,0,0.17
5918,8329-UTMVM,0,0.17
3113,4464-JCOLN,1,0.46
6956,9867-JCZSP,0,0.17
5209,7326-RIGQZ,0,0.17
3017,4317-VTEOA,1,0.46
2286,3262-EIDHV,0,0.17
4707,6631-HMANX,0,0.17
2131,3061-BCKYI,0,0.17
6023,8514-VZHEB,0,0.17
2840,4049-ZPALD,0,0.17
3673,5180-UCIIQ,1,0.46
5159,7252-NTGSS,0,0.17
4585,6469-MRVET,0,0.17
2130,3059-NGMXB,0,0.17
680,1000-AJSLD,1,0.46
4818,6776-TLWOI,1,0.46
1363,2027-CWDNU,0,0.17
3659,5171-EPLKN,0,0.17
2776,3950-VPYJB,0,0.17
3163,4537-CIBHB,0,0.17
5603,7890-VYYWG,1,0.46
688,1017-FBQMM,0,0.17
5647,7964-VEXDG,0,0.17
1329,1977-STDKI,1,0.46
2074,2984-AFWNC,0,0.17
1276,1897-OKVMW,0,0.17
5901,8309-PPCED,0,0.17
2174,3108-PCCGG,0,0.17
5646,7963-SHNDT,0,0.17
1202,1768-HNVGJ,0,0.17
55,0096-BXERS,0,0.17
2956,4223-BKEOR,0,0.17
5390,7601-WFVZV,0,0.17
95,0164-APGRB,0,0.17
1439,2122-YWVYA,0,0.17
1430,2108-GLPQB,0,0.17
4942,6961-MJKBO,0,0.17
636,0930-EHUZA,0,0.17
3226,4625-XMOYM,0,0.17
5069,7129-AZJDE,0,0.17
561,0825-CPPQH,0,0.17
2280,3258-SYSWS,0,0.17
4765,6705-LXORM,0,0.17
4214,5949-HGVJL,0,0.17
1493,2202-CUYXZ,1,0.46
3770,5307-UVGNB,0,0.17
1762,2577-GVSIL,0,0.17
4269,6013-BHCAW,0,0.17
2051,2957-JIRMN,0,0.17
3740,5269-NRGDP,0,0.17
694,1024-VRZHF,1,0.46
2265,3237-AJGEH,1,0.46
81,0130-SXOUN,0,0.17
2234,3194-ORPIK,1,0.46
795,1162-ECVII,0,0.17
6660,9475-NNDGC,0,0.17
6749,9578-VRMNM,1,0.46
5611,7901-TBKJX,0,0.17
1958,2834-JRTUA,1,0.46
5851,8224-UAXBZ,0,0.17
1385,2050-ONYDQ,0,0.17
4211,5947-SGKCL,0,0.17
808,1177-XZBJL,0,0.17
2861,4079-WWQQQ,0,0.17
3228,4626-OZDTJ,0,0.17
849,1229-RCALF,0,0.17
6533,9277-JOOMO,0,0.17
5966,8405-IGQFX,0,0.17
3184,4566-GOLUK,1,0.46
4886,6888-SBYAI,0,0.17
3198,4583-PARNH,0,0.17
130,0222-CNVPT,0,0.17
245,0374-IOEGQ,0,0.17
4601,6484-LATFU,0,0.17
3553,5035-BVCXS,0,0.17
4274,6022-KOUQO,0,0.17
5203,7321-KKSDU,0,0.17
4538,6394-MFYNG,1,0.46
1565,2276-YDAVZ,1,0.46
7030,9972-VAFJJ,0,0.17
3451,4892-VLANZ,1,0.46
1292,1925-LFCZZ,0,0.17
399,0594-UFTUL,0,0.17
23,0030-FNXPP,0,0.17
1219,1803-BGNBD,0,0.17
5293,7472-EQOAV,0,0.17
1934,2809-ZMYOQ,0,0.17
2825,4013-UBXWQ,1,0.46
2448,3508-CFVZL,0,0.17
1516,2227-JRSJX,0,0.17
5077,7134-MJPDY,0,0.17
357,0524-IAVZO,1,0.46
0,0002-ORFBO,0,0.17
4935,6952-OMNWB,0,0.17
4776,6723-WSNTY,0,0.17
2940,4193-IBKSW,0,0.17
4705,6629-LADHQ,0,0.17
3319,4726-DLWQN,0,0.17
624,0916-QOFDP,0,0.17
2345,3354-OADJP,0,0.17
2710,3858-XHYJO,0,0.17
4611,6502-MJQAE,1,0.46
1936,2811-POVEX,0,0.17
6240,8821-KVZKQ,0,0.17
1696,2474-BRUCM,1,0.46
3732,5248-RPYWW,0,0.17
4687,6614-YOLAC,0,0.17
682,1009-IRMNA,1,0.46
1624,2363-BJLSL,0,0.17
6108,8647-SDTWQ,0,0.17
5921,8336-TAVKX,0,0.17
3576,5067-DGXLL,0,0.17
5693,8020-BWHYL,1,0.46
2989,4282-YMKNA,1,0.46
6341,8980-WQFWL,0,0.17
5044,7094-MSZAO,0,0.17
1751,2558-BUOZZ,0,0.17
7019,9959-WOFKT,0,0.17
4516,6366-XIVKZ,0,0.17
1410,2080-GKCWQ,0,0.17
2771,3946-JEWRQ,0,0.17
3112,4462-CYWMH,0,0.17
2933,4187-CINZD,1,0.46
6175,8740-XLHDR,1,0.46
6044,8564-LDKFL,0,0.17
173,0278-YXOOG,1,0.46
5793,8155-IBNHG,1,0.46
864,1257-SXUXQ,0,0.17
4160,5883-GTGVD,1,0.46
2864,4081-DYXAV,1,0.46
866,1260-TTRXI,1,0.46
5340,7544-ZVIKX,0,0.17
1638,2379-GYFLQ,0,0.17
470,0687-ZVTHB,1,0.46
5985,8441-SHIPE,0,0.17
1266,1867-TJHTS,0,0.17
5236,7377-DMMRI,1,0.46
4766,6710-HSJRD,0,0.17
2347,3363-DTIVD,0,0.17
3003,4299-OPXEJ,0,0.17
5634,7941-RCJOW,0,0.17
3713,5223-UZAVK,0,0.17
377,0562-HKHML,0,0.17
1923,2799-ARNLO,0,0.17
6583,9360-AHGNL,1,0.46
3394,4822-NGOCH,1,0.46
5347,7552-KEYGT,0,0.17
2745,3904-UKFRE,0,0.17
1213,1790-NESIO,0,0.17
865,1258-YMZNM,0,0.17
5429,7639-SUPCW,1,0.46
4773,6719-FGEDO,0,0.17
4479,6322-HRPFA,0,0.17
3284,4692-NNQRU,0,0.17
3176,4553-DVPZG,0,0.17
544,0804-XBFBV,0,0.17
208,0323-XWWTN,0,0.17
900,1307-TVUFB,0,0.17
4164,5887-IKKYO,0,0.17
2911,4140-WJAWW,1,0.46
6417,9089-UOWJG,0,0.17
6430,9103-CXVOK,0,0.17
329,0487-CRLZF,0,0.17
273,0404-AHASP,0,0.17
6307,8922-LIEGH,1,0.46
5802,8167-GJLRN,0,0.17
536,0787-LHDYT,0,0.17
2379,3407-JMJQQ,0,0.17
6428,9102-IAYHT,1,0.46
1535,2242-MFOTG,0,0.17
6199,8773-HHUOZ,1,0.46
1526,2235-DWLJU,0,0.17
5996,8457-XIGKN,0,0.17
5197,7314-OXENN,1,0.46
667,0975-UYDTX,0,0.17
6716,9540-JYROE,1,0.46
1606,2338-BQEZT,0,0.17
1667,2430-RRYUW,0,0.17
3792,5334-AFQJB,0,0.17
551,0813-TAXXS,0,0.17
1402,2074-GKOWZ,1,0.46
4167,5893-KCLGT,0,0.17
1452,2144-BFDSO,0,0.17
241,0369-ZGOVK,0,0.17
613,0898-XCGTF,0,0.17
984,1428-IEDPR,0,0.17
3145,4513-CXYIX,0,0.17
6829,9700-ZCLOT,0,0.17
5218,7341-LXCAF,1,0.46
3250,4648-YPBTM,0,0.17
3802,5348-CAGXB,0,0.17
6933,9837-BMCLM,1,0.46
4876,6870-ECSHE,0,0.17
1691,2466-FCCPT,0,0.17
2394,3422-WJOYD,0,0.17
3004,4299-SIMNS,0,0.17
5233,7365-BVCJH,0,0.17
6542,9286-DOJGF,1,0.46
1454,2146-EGVDT,0,0.17
7013,9948-YPTDG,1,0.46
738,1087-UDSIH,1,0.46
763,1110-KYLGQ,0,0.17
4932,6942-LBFDP,0,0.17
1375,2038-YSEZE,0,0.17
2254,3221-CJMSG,0,0.17
4429,6243-OZGFH,0,0.17
1651,2400-FEQME,0,0.17
4497,6344-SFJVH,0,0.17
5778,8129-GMVGI,0,0.17
2946,4195-SMMNX,1,0.46
4206,5939-XAIXZ,0,0.17
93,0151-ONTOV,1,0.46
5570,7850-VWJUU,0,0.17
4034,5688-KZTSN,1,0.46
2841,4054-CUMIA,0,0.17
4790,6734-CKRSM,0,0.17
398,0587-DMGBH,1,0.46
3062,4381-MHQDC,0,0.17
853,1237-WIYYZ,0,0.17
3252,4652-ODEVH,0,0.17
6519,9251-AWQGT,0,0.17
5636,7945-HLKEA,0,0.17
4692,6617-WLBQC,0,0.17
2601,3716-BDVDB,1,0.46
1085,1579-KLYDT,1,0.46
1419,2088-IEBAU,0,0.17
6252,8849-AYPTR,0,0.17
1448,2138-VFAPZ,0,0.17
2959,4227-OJHAL,0,0.17
344,0511-JTEOY,1,0.46
2813,4002-BQWPQ,0,0.17
1891,2746-DIJLO,0,0.17
2160,3094-JOJAI,0,0.17
1517,2228-BZDEE,0,0.17
4147,5862-BRIXZ,0,0.17
431,0628-CNQRM,1,0.46
6988,9919-KNPOO,0,0.17
4515,6365-MTGZX,1,0.46
719,1061-PNTHC,0,0.17
4323,6100-FJZDG,0,0.17
1062,1550-LOAHA,1,0.46
453,0666-UXTJO,0,0.17
2232,3192-LNKRK,0,0.17
4089,5778-BVOFB,0,0.17
2837,4039-HEUNW,1,0.46
1806,2636-SJDOU,0,0.17
1442,2126-GSEGL,0,0.17
6436,9112-WSNPU,0,0.17
5310,7503-MIOGA,0,0.17
1472,2176-OSJUV,0,0.17
5440,7660-HDPJV,1,0.46
1063,1552-AAGRX,0,0.17
4391,6194-HBGQN,0,0.17
2162,3096-IZETN,1,0.46
2341,3351-NGXYI,0,0.17
430,0626-QXNGV,0,0.17
5766,8108-UXRQN,0,0.17
5414,7625-XCQRH,1,0.46
4525,6374-NTQLP,0,0.17
6399,9063-ZGTUY,1,0.46
4384,6178-KFNHS,1,0.46
1431,2108-XWMPY,1,0.46
4720,6650-BWFRT,0,0.17
38,0064-SUDOG,0,0.17
6737,9565-JSNFM,1,0.46
3540,5018-LXQQG,0,0.17
1824,2661-GKBTK,0,0.17
4218,5954-BDFSG,0,0.17
5535,7795-CFOCW,0,0.17
3660,5172-MIGPM,0,0.17
5936,8372-JUXUI,1,0.46
5368,7579-KKLOE,0,0.17
3287,4695-VADHF,1,0.46
5280,7449-HVPIV,0,0.17
5953,8393-JMVMB,0,0.17
6464,9146-JRIOX,0,0.17
3993,5628-RKIFK,0,0.17
3761,5297-MDOIR,0,0.17
343,0508-SQWPL,0,0.17
2792,3973-SKMLN,0,0.17
5065,7124-UGSUR,1,0.46
1239,1837-YQUCE,0,0.17
425,0621-TWIEM,1,0.46
6516,9248-OJYKK,1,0.46
4409,6215-NQCPY,0,0.17
4025,5673-TIYIB,1,0.46
5794,8158-WPEZG,0,0.17
1349,2005-DWQZJ,0,0.17
3361,4795-UXVCJ,0,0.17
6766,9606-PBKBQ,1,0.46
600,0877-SDMBN,1,0.46
5215,7338-ERIVA,0,0.17
659,0963-ZBDRN,1,0.46
1880,2725-KXXWT,1,0.46
4363,6156-UZDLF,0,0.17
880,1271-UODNO,0,0.17
4223,5959-BELXA,1,0.46
2737,3893-JRNFS,0,0.17
4436,6253-WRFHY,0,0.17
2100,3011-WQKSZ,0,0.17
1895,2753-JMMCV,0,0.17
1056,1544-JJMYL,0,0.17
2167,3097-IDVPU,0,0.17
1767,2582-FFFZR,0,0.17
6866,9754-CLVZW,0,0.17
3224,4625-EWPTF,1,0.46
3525,4999-IEZLT,0,0.17
3954,5567-WSELE,1,0.46
4342,6127-ISGTU,1,0.46
6994,9926-PJHDQ,0,0.17
6357,8999-BOHSE,1,0.46
4256,5996-DAOQL,0,0.17
4050,5702-SKUOB,0,0.17
6996,9928-BZVLZ,0,0.17
6718,9541-ZPSEA,0,0.17
498,0727-IWKVK,1,0.46
2711,3859-CVCET,1,0.46
172,0277-ORXQS,0,0.17
3255,4654-ULTTN,0,0.17
6738,9570-KYEUA,0,0.17
3912,5504-WSIUR,0,0.17
617,0902-XKXPN,0,0.17
2289,3272-VUHPV,0,0.17
6459,9139-WQQDY,1,0.46
4963,6986-IJDHX,1,0.46
5731,8065-YKXKD,1,0.46
1910,2782-LFZVW,0,0.17
5664,7982-VCELR,0,0.17
4229,5968-HYJRZ,0,0.17
1664,2428-HYUNX,0,0.17
4984,7010-BRBUU,0,0.17
6870,9762-YAQAA,0,0.17
2500,3572-UUHRS,0,0.17
6440,9115-YQHGA,0,0.17
2913,4143-OOBWZ,1,0.46
174,0280-XJGEX,1,0.46
5572,7851-WZEKY,1,0.46
3211,4607-CHPCA,1,0.46
3681,5192-EBGOV,1,0.46
1663,2424-WVHPL,0,0.17
1346,2002-MZHWP,1,0.46
4032,5686-CMAWK,0,0.17
3079,4412-YLTKF,1,0.46
3440,4878-BUNFV,0,0.17
2800,3982-JGSFD,0,0.17
1435,2115-BFTIW,1,0.46
4815,6772-KSATR,1,0.46
1775,2592-YKDIF,0,0.17
1278,1898-JSNDC,0,0.17
5590,7872-RDDLZ,0,0.17
2573,3677-TNKIO,1,0.46
3669,5176-LMJXE,0,0.17
3093,4432-ADRLB,1,0.46
5982,8434-VGEQQ,0,0.17
1206,1775-KWJKQ,0,0.17
2030,2927-CVULT,0,0.17
2882,4110-PFEUZ,1,0.46
3600,5110-CHOPY,0,0.17
353,0519-DRGTI,0,0.17
2348,3363-EWLGO,0,0.17
5314,7508-DQAKK,0,0.17
6671,9489-DEDVP,0,0.17
6371,9027-YFHQJ,0,0.17
6963,9880-TDQAC,0,0.17
4080,5760-WRAHC,0,0.17
2486,3557-HTYWR,0,0.17
1739,2530-FMFXO,0,0.17
5628,7929-DMBCV,0,0.17
6471,9163-GHAYE,0,0.17
6622,9411-TPQQV,0,0.17
5902,8311-UEUAB,0,0.17
5814,8184-WMOFI,0,0.17
2525,3612-YVGSJ,0,0.17
3426,4854-CIDCF,0,0.17
6524,9256-JTBNZ,0,0.17
4985,7010-ZMVBF,0,0.17
5562,7833-PKIHD,0,0.17
6017,8499-BRXTD,0,0.17
1289,1919-RTPQD,0,0.17
573,0841-NULXI,1,0.46
304,0447-BEMNG,1,0.46
3575,5066-GFJMM,0,0.17
4615,6507-DTJZV,0,0.17
1982,2867-UIMSS,1,0.46
2963,4232-JGKIY,0,0.17
1854,2691-NZETQ,1,0.46
6100,8639-NHQEI,0,0.17
7020,9961-JBNMK,1,0.46
699,1031-IIDEO,1,0.46
5194,7310-EGVHZ,0,0.17
2941,4193-ORFCL,1,0.46
6116,8660-BUETV,0,0.17
5577,7854-EDSSA,1,0.46
5242,7392-YYPYJ,0,0.17
5983,8436-BJUMM,1,0.46
539,0794-YVSGE,0,0.17
1423,2096-XOTMO,0,0.17
2950,4203-QGNZA,0,0.17
969,1401-FTHFQ,0,0.17
6723,9548-LERKT,0,0.17
4878,6872-HXFNF,0,0.17
3460,4905-JEFDW,1,0.46
1644,2387-KDZQY,0,0.17
6328,8963-JLGJT,0,0.17
1682,2452-SNHFZ,0,0.17
196,0310-VQXAM,0,0.17
6587,9364-YKUVW,0,0.17
4996,7021-XSNYE,0,0.17
4799,6743-HHQPF,0,0.17
910,1324-NLTJE,1,0.46
1814,2649-HWLYB,0,0.17
4455,6284-AHOOQ,1,0.46
5804,8169-SAEJD,0,0.17
2070,2979-SXESE,1,0.46
3131,4488-PSYCG,1,0.46
1294,1926-QUZNN,0,0.17
5926,8345-MVDYC,0,0.17
820,1197-BVMVG,0,0.17
872,1265-HVPZB,0,0.17
6513,9239-ZBZZV,1,0.46
3602,5115-SQAAU,0,0.17
5057,7109-MFBYV,0,0.17
4015,5656-JAMLX,0,0.17
305,0447-RXSGD,0,0.17
2574,3678-MNGZX,0,0.17
4697,6621-NRZAK,0,0.17
2161,3096-GKWEB,0,0.17
1944,2821-WARNZ,0,0.17
2947,4198-VFOEA,0,0.17
5818,8189-XRIKE,0,0.17
587,0866-QLSIR,1,0.46
2999,4291-YZODP,0,0.17
4547,6408-WHTEF,0,0.17
3405,4827-USJHP,0,0.17
352,0516-WJVXC,1,0.46
2880,4106-HADHQ,1,0.46
4719,6648-INWPS,0,0.17
1957,2834-JKOOW,0,0.17
5448,7665-VIGUD,0,0.17
6112,8652-YHIYU,0,0.17
4142,5855-EIBDE,0,0.17
5519,7774-OJSXI,1,0.46
717,1057-FOGLZ,0,0.17
5691,8017-UVSZU,0,0.17
5317,7508-SMHXL,0,0.17
5659,7976-CICYS,0,0.17
922,1338-CECEE,0,0.17
339,0505-SPOOW,0,0.17
1398,2070-FNEXE,1,0.46
4124,5832-XKAES,1,0.46
4979,7005-CCBKV,1,0.46
4672,6591-QGOYB,0,0.17
3067,4391-LNRXK,0,0.17
1836,2673-CXQEU,0,0.17
4735,6670-MFRPK,0,0.17
4621,6516-NKQBO,0,0.17
3496,4951-UKAAQ,1,0.46
811,1183-CANVH,0,0.17
6604,9388-ZEYVT,0,0.17
1157,1699-UOTXU,0,0.17
3930,5533-RJFTJ,0,0.17
2060,2967-MXRAV,0,0.17
179,0292-WEGCH,0,0.17
5549,7814-LEEVE,0,0.17
6939,9842-EFSYY,0,0.17
4352,6135-OZQVA,0,0.17
2900,4132-KALRO,0,0.17
64,0107-YHINA,1,0.46
3227,4626-GYCZP,1,0.46
3296,4702-IOQDC,1,0.46
3034,4342-HENTK,1,0.46
471,0689-DSXGL,0,0.17
6414,9084-OAYKL,0,0.17
5527,7781-HVGMK,0,0.17
1849,2683-JXWQQ,0,0.17
456,0670-ANMUU,0,0.17
3375,4807-IZYOZ,0,0.17
5486,7721-JXEAW,1,0.46
5841,8216-AZUUZ,0,0.17
126,0219-YTZUE,1,0.46
6465,9150-HEPMB,0,0.17
2462,3523-BRGUW,0,0.17
6289,8901-HJXTF,1,0.46
3016,4316-XCSLJ,0,0.17
6298,8909-BOLNL,0,0.17
685,1015-JPFYW,0,0.17
5853,8226-BXGES,0,0.17
2789,3969-GYXEL,0,0.17
3358,4789-KWMXN,1,0.46
5327,7524-VRLPL,0,0.17
3278,4685-ERGHK,0,0.17
4379,6173-ITPWD,1,0.46
679,0999-QXNSA,0,0.17
5216,7339-POGZN,0,0.17
2196,3146-JTQHR,0,0.17
2501,3577-AMVUX,0,0.17
4851,6838-YAUVY,0,0.17
2163,3096-JRDSO,1,0.46
2083,2988-QRAJY,0,0.17
6142,8705-WZCYL,0,0.17
5586,7868-BGSZA,0,0.17
3887,5468-BPMMO,0,0.17
5200,7318-EIVKO,0,0.17
3253,4654-DLAMQ,0,0.17
997,1448-CYWKC,0,0.17
2210,3164-YAXFY,0,0.17
2126,3055-VTCGS,0,0.17
1534,2240-HSJQD,0,0.17
2757,3926-CUQZX,1,0.46
266,0396-UKGAI,0,0.17
1832,2672-DZUOY,1,0.46
5450,7668-XCFYV,0,0.17
51,0089-IIQKO,0,0.17
1973,2856-NNASM,1,0.46
5167,7269-JISCY,0,0.17
1301,1932-UEDCX,0,0.17
1199,1766-GKNMI,0,0.17
2766,3936-QQFLL,0,0.17
6331,8966-OIQHG,0,0.17
135,0228-MAUWC,0,0.17
6425,9099-FTUHS,0,0.17
4596,6480-YAGIY,0,0.17
1338,1989-PRJHP,1,0.46
4953,6974-DAFLI,0,0.17
395,0582-AVCLN,0,0.17
2094,3003-CMDUU,0,0.17
4359,6143-JQKEA,0,0.17
6491,9200-NLNPD,0,0.17
5594,7876-BEUTG,0,0.17
4817,6773-LQTVT,0,0.17
3200,4585-HETAI,1,0.46
2635,3748-FVMZZ,0,0.17
1883,2731-GJRDG,0,0.17
6693,9507-EXLTT,1,0.46
3049,4365-MSDYN,0,0.17
1869,2716-GFZOR,0,0.17
4087,5777-KJIRB,0,0.17
4308,6075-SLNIL,0,0.17
4263,6000-APYLU,1,0.46
5682,8008-ESFLK,0,0.17
6517,9249-FXSCK,1,0.46
3942,5549-ZGHFB,0,0.17
4118,5827-MWCZK,0,0.17
59,0103-CSITQ,0,0.17
2934,4188-FRABG,0,0.17
4754,6693-DJWTY,0,0.17
1713,2495-TTHBQ,0,0.17
735,1085-LDWAM,0,0.17
6332,8966-SNIZF,0,0.17
2910,4140-MUHUG,1,0.46
3711,5222-IMUKT,0,0.17
6645,9447-YPTBX,0,0.17
2442,3500-NSDOA,0,0.17
4743,6683-VLCTZ,1,0.46
2481,3550-SAHFP,1,0.46
3480,4929-ROART,0,0.17
3142,4510-HIMLV,1,0.46
4700,6625-FLENO,0,0.17
5015,7048-GXDAY,0,0.17
5521,7776-QWNFX,1,0.46
6843,9717-QEBGU,0,0.17
385,0568-ONFPC,1,0.46
3545,5025-GOOKI,0,0.17
4708,6633-MPWBS,1,0.46
6952,9862-KJTYK,0,0.17
2506,3583-KRKMD,0,0.17
5422,7634-WSWDB,0,0.17
7025,9968-FFVVH,0,0.17
3266,4670-TABXH,0,0.17
166,0266-GMEAO,0,0.17
6707,9526-BIHHD,1,0.46
6360,8999-YPYBV,0,0.17
2444,3503-TYDAY,0,0.17
6394,9058-CBREO,1,0.46
6846,9725-SCPZG,1,0.46
4420,6231-WFGFH,0,0.17
502,0732-OCQOC,0,0.17
2823,4013-GUXND,0,0.17
2591,3704-IEAXF,0,0.17
215,0330-BGYZE,0,0.17
2602,3716-LRGXK,0,0.17
5854,8229-BUJHX,0,0.17
3547,5027-XWQHA,1,0.46
5808,8178-EYZUO,1,0.46
4381,6175-IRFIT,0,0.17
6543,9289-LBQVU,0,0.17
1695,2472-OVKUP,1,0.46
3945,5553-AOINX,0,0.17
6273,8878-HMWBV,1,0.46
794,1159-WFSGR,0,0.17
4783,6728-VOIFY,0,0.17
4014,5655-JSMZM,1,0.46
2243,3205-MXZRA,0,0.17
4526,6376-GAHQE,1,0.46
615,0899-WZRSD,0,0.17
77,0125-LZQXK,1,0.46
6106,8645-KWHJO,0,0.17
4431,6248-BSHKG,0,0.17
1269,1875-QIVME,1,0.46
3949,5562-YJQGT,0,0.17
5945,8383-SGHJU,0,0.17
1826,2664-XJZNO,0,0.17
2814,4003-FUSHP,0,0.17
661,0968-GSIKN,1,0.46
1050,1535-VTJOQ,0,0.17
5079,7136-RVDTZ,1,0.46
3585,5077-DXTCG,1,0.46
4235,5976-JCJRH,1,0.46
5278,7446-SFAOA,0,0.17
2958,4226-KKDON,0,0.17
3939,5543-QDCRY,0,0.17
183,0298-XACET,0,0.17
4731,6661-HBGWL,1,0.46
1791,2615-YVMYX,0,0.17
4698,6621-YOBKI,0,0.17
4617,6508-NJYRO,0,0.17
7041,9993-LHIEB,0,0.17
4267,6008-NAIXK,0,0.17
2926,4178-EGMON,0,0.17
4866,6857-VWJDT,1,0.46
5016,7049-GKVZY,0,0.17
6380,9040-KZVWO,0,0.17
2957,4223-WOZCM,0,0.17
4035,5692-FPTAH,1,0.46
6053,8577-QSOCG,0,0.17
3900,5482-VXSXJ,0,0.17
420,0620-XEFWH,0,0.17
1071,1563-IWQEX,0,0.17
5300,7486-KSRVI,1,0.46
258,0384-LPITE,0,0.17
2537,3635-JBPSG,0,0.17
1496,2205-LPVGL,0,0.17
6050,8571-ZCMCX,0,0.17
5575,7853-OETYL,0,0.17
1937,2812-ENYMO,0,0.17
6013,8495-PRWFH,0,0.17
4823,6784-XYJAE,0,0.17
2077,2984-TBYKU,0,0.17
1004,1452-VOQCH,0,0.17
41,0068-FIGTF,0,0.17
5431,7641-TQFHN,0,0.17
2779,3956-CJUST,0,0.17
6697,9512-PHSMG,0,0.17
3639,5149-QYTTU,0,0.17
2438,3489-VSFRD,0,0.17
5301,7488-MXJIV,1,0.46
3788,5327-CNLUQ,0,0.17
5692,8019-ENHXU,1,0.46
6500,9221-OTIVJ,1,0.46
2759,3927-NLNRY,1,0.46
3851,5414-OFQCB,0,0.17
6046,8565-HBFNN,0,0.17
2271,3247-ZVOUO,1,0.46
6864,9752-ZNQUT,0,0.17
3957,5569-KGJHX,1,0.46
5667,7989-VCQOH,0,0.17
6140,8701-DGLVH,0,0.17
4853,6840-RESVB,0,0.17
2886,4115-BNPJY,0,0.17
2357,3374-PZLXD,0,0.17
1479,2187-PKZAY,0,0.17
5900,8309-IEYJD,0,0.17
4043,5698-BQJOH,1,0.46
401,0596-BQCEQ,1,0.46
898,1306-RPWXZ,0,0.17
6334,8969-PRHFK,0,0.17
5482,7717-BICXI,0,0.17
1127,1656-DRSMG,0,0.17
5290,7470-MCQTK,1,0.46
7031,9974-JFBHQ,0,0.17
3795,5337-IIWKZ,0,0.17
78,0128-MKWSG,0,0.17
136,0229-LFJAF,0,0.17
4318,6088-BXMRG,0,0.17
4433,6250-CGGUN,0,0.17
2853,4074-SJFFA,1,0.46
4909,6907-NZZIJ,1,0.46
1241,1839-UMACK,0,0.17
5211,7328-ZJAJO,0,0.17
1521,2232-DMLXU,1,0.46
4188,5917-HBSDW,0,0.17
6647,9450-TRJUU,0,0.17
6102,8642-GVWRF,1,0.46
5283,7459-IMVYU,0,0.17
1365,2027-FECZV,1,0.46
5972,8414-MYSHR,1,0.46
537,0788-DXBFY,0,0.17
6412,9079-YEXQJ,1,0.46
3923,5520-FVEWJ,1,0.46
597,0872-NXJYS,1,0.46
6076,8612-GXIDD,0,0.17
7022,9964-WBQDJ,0,0.17
1465,2164-SOQXL,0,0.17
1834,2672-OJQZP,0,0.17
6070,8605-ITULD,0,0.17
5445,7663-ZTEGJ,0,0.17
3141,4508-OEBEY,0,0.17
6395,9058-HRZSV,0,0.17
3722,5233-GEEAX,1,0.46
6644,9445-ZUEQE,0,0.17
2845,4060-LDNLU,0,0.17
5602,7883-ROJOC,0,0.17
3094,4433-JCGCG,1,0.46
5508,7758-UJWYS,0,0.17
5090,7153-CHRBV,0,0.17
1653,2402-TAIRZ,0,0.17
2605,3717-LNXKW,0,0.17
826,1208-DNHLN,1,0.46
6084,8623-ULFNQ,0,0.17
1190,1754-GKYPY,0,0.17
2629,3739-YBWAB,0,0.17
4509,6356-ELRKD,1,0.46
1223,1813-JLKWR,0,0.17
3325,4735-BJKOU,0,0.17
6967,9885-MFVSU,0,0.17
3161,4534-WGCIR,0,0.17
1930,2805-EDJPQ,0,0.17
3578,5067-XJQFU,0,0.17
5277,7446-KQISO,0,0.17
5054,7107-UBYKY,0,0.17
2432,3486-HOOGQ,0,0.17
4519,6368-TZZDT,0,0.17
4258,5996-NRVXR,0,0.17
5023,7056-IMHCC,1,0.46
213,0328-GRPMV,1,0.46
4875,6869-FGJJC,0,0.17
2479,3547-LQRIK,0,0.17
4292,6047-YHPVI,1,0.46
1101,1600-DILPE,0,0.17
1034,1494-EJZDW,0,0.17
5894,8292-ITGYJ,0,0.17
2836,4032-RMHCI,0,0.17
5840,8215-NGSPE,0,0.17
729,1075-BGWOH,1,0.46
748,1093-YSWCA,0,0.17
5730,8065-QBYTO,0,0.17
715,1052-QJIBV,0,0.17
2844,4059-IIEBK,0,0.17
6822,9691-HKOVS,0,0.17
5741,8079-XRJRS,1,0.46
2592,3705-PSNGL,1,0.46
2642,3754-DXMRT,1,0.46
5346,7551-JOHTI,1,0.46
1481,2189-UXTKY,1,0.46
6736,9565-FLVCG,0,0.17
2638,3750-YHRYO,0,0.17
6191,8755-OGKNA,0,0.17
992,1442-BQPVU,0,0.17
3339,4759-PXTAN,0,0.17
6667,9483-GCPWE,0,0.17
2713,3863-QSTYI,0,0.17
3057,4374-YMUSQ,0,0.17
5978,8430-TWCBX,0,0.17
3449,4890-VMUAV,0,0.17
3566,5055-BRMNE,0,0.17
643,0942-KOWSM,0,0.17
5391,7602-DBTOU,0,0.17
2068,2977-CEBSX,0,0.17
1798,2626-URJFX,1,0.46
3603,5117-IFGPS,0,0.17
499,0730-BGQGF,0,0.17
1334,1984-GPTEH,0,0.17
3025,4324-BZCKL,0,0.17
640,0939-EREMR,0,0.17
5352,7560-QRBXH,0,0.17
6760,9600-NAXZN,1,0.46
3114,4465-VDKIQ,0,0.17
6515,9244-ZVAPM,0,0.17
2073,2983-ZANRP,1,0.46
5383,7596-LDUXP,0,0.17
4193,5921-NGYRH,0,0.17
2992,4285-GYRQC,1,0.46
4820,6778-EICRF,0,0.17
376,0562-FGDCR,0,0.17
1156,1699-TLDLZ,0,0.17
6887,9780-FKVVF,0,0.17
2132,3062-ICYZQ,0,0.17
1125,1642-HMARX,0,0.17
1077,1568-LJSZU,0,0.17
5315,7508-KBIMB,0,0.17
6239,8819-ZBYNA,0,0.17
5442,7663-CUXZB,0,0.17
6337,8974-OVACP,0,0.17
4006,5649-VUKMC,1,0.46
1178,1731-TVIUK,1,0.46
6494,9208-OLGAQ,0,0.17
4115,5820-PTRYM,0,0.17
3020,4322-RCYMT,1,0.46
389,0576-WNXXC,1,0.46
5198,7315-WYOAW,0,0.17
3328,4741-WWJQZ,0,0.17
1212,1785-BPHTP,0,0.17
3369,4803-AXVYP,1,0.46
725,1069-XAIEM,1,0.46
5990,8450-JOVAH,1,0.46
3214,4611-ANLQC,0,0.17
1867,2710-WYVXG,0,0.17
6054,8580-AECUZ,1,0.46
7029,9972-NKTFD,0,0.17
4524,6374-AFWOX,0,0.17
3354,4785-FCIFB,0,0.17
797,1163-VIPRI,0,0.17
5967,8406-LNMHF,0,0.17
2552,3648-GZPHF,0,0.17
4987,7013-PSXHK,0,0.17
2721,3871-IKPYH,1,0.46
2139,3070-DVEYC,1,0.46
5791,8152-UOBNY,0,0.17
4542,6402-SSEJG,0,0.17
1790,2612-RRIDN,1,0.46
2764,3934-HXCFZ,1,0.46
2756,3923-CSIHK,1,0.46
1905,2774-LVQUS,1,0.46
4858,6848-YLDFR,0,0.17
5140,7235-NXZCP,1,0.46
2356,3374-LXDEV,1,0.46
1358,2019-HDCZY,0,0.17
428,0623-IIHUG,1,0.46
3506,4967-WPNCF,0,0.17
6489,9194-GFVOI,0,0.17
5999,8465-SBRXP,0,0.17
5168,7270-BDIOA,1,0.46
2919,4163-HFTUK,0,0.17
4452,6278-FEPBZ,0,0.17
1248,1846-XWOQN,1,0.46
6889,9786-IJYDL,0,0.17
199,0314-TKOSI,0,0.17
2319,3318-ISQFQ,0,0.17
5601,7881-INRLC,1,0.46
6374,9030-QGZNL,0,0.17
1143,1684-FLBGS,0,0.17
7,0014-BMAQU,0,0.17
1765,2580-ATZSQ,0,0.17
4533,6386-SZZKH,1,0.46
4759,6698-OXETB,0,0.17
3492,4947-DSMXK,0,0.17
2042,2937-FTHUR,0,0.17
6466,9150-KPBJQ,0,0.17
4148,5863-OOKCL,0,0.17
1544,2253-KPMNB,0,0.17
3763,5299-RULOA,1,0.46
4450,6270-OMFIW,1,0.46
5547,7813-TKCVO,0,0.17
6805,9659-ZTWSM,0,0.17
1796,2623-DRYAM,0,0.17
2583,3694-DELSO,0,0.17
876,1268-ASBGA,1,0.46
5175,7277-OZCGZ,0,0.17
6305,8919-FYFQZ,1,0.46
1309,1942-OQFRW,0,0.17
4778,6726-NNFWD,0,0.17
6899,9796-MVYXX,0,0.17
253,0378-XSZPU,1,0.46
3453,4895-TMWIR,1,0.46
1059,1548-ARAGG,0,0.17
6110,8650-RHRKE,1,0.46
5914,8327-WKMIE,0,0.17
4879,6873-UDNLD,0,0.17
6292,8903-WMRNW,0,0.17
7032,9975-GPKZU,0,0.17
5695,8023-QHAIO,0,0.17
6375,9031-ZVQPT,0,0.17
3385,4817-KEQSP,0,0.17
5455,7673-LPRNY,0,0.17
73,0118-JPNOY,0,0.17
35,0057-QBUQH,0,0.17
2179,3120-FAZKD,0,0.17
1308,1941-HOSAM,0,0.17
644,0943-ZQPXH,0,0.17
5768,8111-BKVDS,0,0.17
902,1309-XGFSN,0,0.17
2257,3224-DFQNQ,0,0.17
6560,9318-NKNFC,1,0.46
3550,5028-HTLJB,1,0.46
1555,2267-FPIMA,0,0.17
6584,9360-OMDZZ,0,0.17
6208,8779-YIQQA,0,0.17
4190,5918-VUKWP,0,0.17
6373,9029-FEGVJ,0,0.17
6113,8654-DHAOW,0,0.17
5991,8450-LUGUK,0,0.17
4079,5760-IFJOZ,0,0.17
3269,4672-FOTSD,0,0.17
1245,1843-TLSGD,0,0.17
4472,6305-YLBMM,1,0.46
3937,5542-NKVRU,0,0.17
2797,3978-YNKDD,0,0.17
4287,6035-RIIOM,0,0.17
6172,8739-WWKDU,1,0.46
2029,2926-JEJJC,0,0.17
5530,7786-WBJYI,1,0.46
3865,5442-BXVND,0,0.17
4713,6641-XRPSU,1,0.46
1280,1902-XBTFB,1,0.46
10,0017-DINOC,0,0.17
3000,4293-ETKAP,0,0.17
7016,9955-QOPOY,0,0.17
569,0839-JTCUD,0,0.17
1293,1925-TIBLE,1,0.46
4143,5857-TYBCJ,0,0.17
3491,4946-EDSEW,1,0.46
4670,6586-MYGKD,0,0.17
1897,2754-VDLTR,1,0.46
1103,1608-GMEWB,0,0.17
5875,8261-GWDBQ,0,0.17
4301,6061-GWWAV,0,0.17
5954,8395-ETZKQ,0,0.17
5812,8182-PNAGI,1,0.46
1386,2054-PJOCK,0,0.17
2545,3642-BYHDO,0,0.17
5437,7654-YWJUF,0,0.17
3417,4840-ORQXB,0,0.17
5475,7706-YLMQA,0,0.17
2621,3727-RJMEO,1,0.46
7003,9938-PRCVK,0,0.17
5493,7730-IUTDZ,1,0.46
3364,4797-MIWUM,0,0.17
2429,3474-BAFSJ,0,0.17
6369,9026-RNUJS,1,0.46
2260,3230-IUALN,0,0.17
1703,2480-JZOSN,0,0.17
6019,8510-BBWMU,0,0.17
2622,3729-OWRVL,0,0.17
150,0248-PGHBZ,0,0.17
3623,5135-RDDQL,0,0.17
1953,2831-EBWRN,0,0.17
3340,4759-TRPLW,1,0.46
3216,4612-THJBS,1,0.46
5786,8148-NLEGT,0,0.17
3500,4957-TIALW,0,0.17
2355,3373-YZZYM,0,0.17
3370,4803-LBYPN,0,0.17
1693,2468-SJFLM,0,0.17
5316,7508-MYBOG,1,0.46
382,0565-JUPYD,0,0.17
2547,3643-AHCFP,1,0.46
5349,7554-NEWDD,0,0.17
6550,9300-RENDD,1,0.46
2067,2974-GGUXS,0,0.17
4655,6569-KTMDU,0,0.17
2492,3567-PQTSO,0,0.17
6750,9581-GVBXT,0,0.17
3596,5095-ETBRJ,0,0.17
5707,8041-TMEID,0,0.17
831,1215-EXRMO,0,0.17
4971,6993-YGFJV,0,0.17
2411,3452-FLHYD,0,0.17
5249,7398-LXGYX,0,0.17
3736,5260-UMPWX,0,0.17
4033,5687-DKDTV,1,0.46
949,1374-DMZUI,1,0.46
4247,5989-AXPUC,0,0.17
297,0439-IFYUN,0,0.17
6453,9135-MGVPY,0,0.17
4136,5846-QFDFI,0,0.17
3078,4404-HIBDJ,1,0.46
1165,1710-RCXUS,0,0.17
3338,4753-PADAS,0,0.17
4889,6892-BOGQE,0,0.17
5836,8208-EUMTE,0,0.17
2421,3466-RITXD,0,0.17
847,1228-FZFRV,1,0.46
4458,6286-SUUWT,0,0.17
4265,6005-OBZPH,1,0.46
892,1302-TPUBN,0,0.17
4075,5756-JYOJT,0,0.17
2169,3097-NQYSN,1,0.46
1668,2430-USGXP,1,0.46
2673,3797-FKOGQ,0,0.17
5282,7452-FOLON,0,0.17
4682,6603-YRDCJ,0,0.17
96,0164-XAIRP,0,0.17
5649,7964-ZRKKG,0,0.17
3753,5288-AHOUP,0,0.17
6561,9323-HGFWY,0,0.17
6897,9795-VOWON,0,0.17
4976,6997-UVGOX,0,0.17
6387,9052-VKDUW,0,0.17
3559,5044-XDPYX,0,0.17
2848,4063-EIKNQ,0,0.17
1052,1536-YHDOE,0,0.17
4936,6953-PBDIN,0,0.17
6722,9547-ITEFG,0,0.17
128,0221-NAUXK,0,0.17
2743,3902-FOIGH,1,0.46
5516,7767-UXAGJ,1,0.46
1039,1502-XFCVR,1,0.46
3557,5043-TRZWM,0,0.17
5701,8034-RYTVV,0,0.17
4556,6421-SZVEM,0,0.17
6879,9773-PEQBZ,0,0.17
5031,7074-IEVOJ,1,0.46
1970,2851-STERV,0,0.17
4654,6568-POCUI,0,0.17
3562,5049-GLYVG,1,0.46
1525,2234-XADUH,0,0.17
2344,3352-RICWQ,0,0.17
1808,2639-UGMAZ,0,0.17
3749,5281-BUZGT,1,0.46
1753,2560-QTSBS,0,0.17
4589,6475-VHUIZ,0,0.17
309,0458-HEUZG,0,0.17
3038,4350-ZTLPI,0,0.17
5487,7722-CVFXN,0,0.17
913,1329-VHWNP,0,0.17
5880,8265-HKSOW,0,0.17
6004,8469-SNFFH,0,0.17
1434,2114-MGINA,1,0.46
4769,6712-OAWRH,1,0.46
4101,5797-APWZC,1,0.46
4678,6599-GZWCM,0,0.17
4346,6128-DAFVY,0,0.17
3643,5151-HQRDG,0,0.17
2236,3196-NVXLZ,0,0.17
1205,1771-OADNZ,1,0.46
1463,2160-GPFXD,0,0.17
6221,8799-OXZMD,0,0.17
4036,5692-ICXLW,0,0.17
3140,4505-EXZHB,1,0.46
4855,6845-RGTYS,1,0.46
182,0297-RBCSG,0,0.17
5857,8231-BSWXX,0,0.17
1705,2481-SBOYW,0,0.17
6586,9362-MWODR,0,0.17
4469,6302-JGYRJ,1,0.46
3088,4425-OWHWB,0,0.17
4836,6815-ABQFQ,0,0.17
1618,2359-KMGLI,1,0.46
805,1173-NOEYG,0,0.17
1116,1628-BIZYP,0,0.17
5102,7168-HDQHG,0,0.17
1715,2499-AJYUA,0,0.17
6793,9640-ZSLDC,0,0.17
5478,7711-GQBZC,0,0.17
3812,5360-XGYAZ,0,0.17
3670,5176-OLSKT,0,0.17
2475,3541-ZNUHK,0,0.17
951,1379-FRVEB,0,0.17
5643,7956-XQWGU,0,0.17
178,0289-IVARM,0,0.17
634,0929-HYQEW,0,0.17
5783,8144-DGHXP,0,0.17
6616,9402-CXWPL,0,0.17
58,0100-DUVFC,0,0.17
2315,3315-TOTBP,1,0.46
1170,1724-IQWNM,0,0.17
1711,2495-INZWQ,1,0.46
5142,7240-ETPTR,1,0.46
3922,5519-YLDGW,1,0.46
6558,9314-QDMDW,0,0.17
3989,5624-RYAMH,0,0.17
2606,3717-OEAUQ,0,0.17
542,0795-XCCTE,0,0.17
2705,3847-BAERP,0,0.17
364,0533-UCAAU,0,0.17
1632,2372-HWUHI,1,0.46
4345,6128-CZOMY,1,0.46
2768,3941-XTSKM,0,0.17
6155,8718-PTMEZ,1,0.46
2367,3392-EHMNK,0,0.17
1281,1904-WAJAA,0,0.17
7010,9944-HKVVB,1,0.46
710,1047-NNCBF,0,0.17
2897,4128-ETESU,0,0.17
4129,5840-NVDCG,0,0.17
2639,3751-KTZEL,1,0.46
1067,1555-HAPSU,0,0.17
5237,7379-FNIUJ,0,0.17
823,1205-WNWPJ,1,0.46
5214,7337-CINUD,0,0.17
4506,6352-GIGGQ,0,0.17
2995,4291-HPAXL,0,0.17
5467,7693-QPEFS,0,0.17
1917,2792-LSHWX,0,0.17
1376,2039-JONDJ,0,0.17
1098,1597-LHYNC,1,0.46
686,1015-OWJKI,0,0.17
7011,9945-PSVIP,0,0.17
2785,3963-RYFNS,0,0.17
3801,5346-BZCHP,0,0.17
5045,7096-UCLNH,0,0.17
6377,9036-CSKBW,0,0.17
5964,8404-VIOMB,0,0.17
3411,4832-VRBMR,0,0.17
4945,6963-KQYQB,0,0.17
4725,6653-CBBOM,1,0.46
3708,5216-WASFJ,0,0.17
4644,6551-VLJMV,0,0.17
267,0396-YCHWO,0,0.17
973,1406-PUQVY,0,0.17
4804,6754-LZUKA,0,0.17
3805,5351-QESIO,0,0.17
3445,4883-QICIH,1,0.46
1458,2153-MREFK,1,0.46
1749,2550-AEVRU,0,0.17
153,0254-KCJGT,0,0.17
1371,2037-SGXHH,1,0.46
4787,6732-FZUGP,0,0.17
1065,1552-TKMXS,0,0.17
1217,1794-SWWKL,0,0.17
5219,7343-EOBEU,0,0.17
5399,7609-NRNCA,0,0.17
3334,4749-VFKVB,1,0.46
5542,7802-EFKNY,1,0.46
2456,3519-ZKXGG,1,0.46
478,0697-ZMSWS,1,0.46
6815,9677-AVKED,0,0.17
5916,8329-GWVPJ,0,0.17
6262,8861-HGGKB,1,0.46
5014,7047-YXDMZ,0,0.17
5919,8331-ZXFOE,0,0.17
3050,4366-CTOUZ,0,0.17
2200,3154-CFSZG,0,0.17
5739,8075-GXIUB,0,0.17
6405,9068-VPWQQ,0,0.17
6757,9591-YVTEB,0,0.17
530,0780-XNZFN,0,0.17
1237,1834-ABKHQ,0,0.17
169,0270-THENM,0,0.17
2706,3850-OKINF,0,0.17
3849,5405-ZMYXQ,0,0.17
4671,6586-PSJOX,0,0.17
3177,4554-YGZIH,1,0.46
5157,7251-LJBQN,0,0.17
18,0022-TCJCI,1,0.46
6105,8645-KOMJQ,0,0.17
6774,9619-GSATL,0,0.17
2962,4231-LZUYM,0,0.17
37,0060-FUALY,0,0.17
1680,2452-KDRRH,0,0.17
567,0835-JKADZ,0,0.17
3237,4634-JLRJT,0,0.17
4189,5917-RYRMG,0,0.17
3860,5438-QMDDL,0,0.17
4693,6618-RYATB,1,0.46
7015,9953-ZMKSM,0,0.17
188,0303-WMMRN,0,0.17
1291,1925-GMVBW,0,0.17
5123,7207-RMRDB,1,0.46
1414,2082-CEFLT,1,0.46
2685,3808-HFKDE,0,0.17
6496,9210-IAHGH,1,0.46
6862,9747-DDZOS,1,0.46
4306,6072-NUQCB,0,0.17
802,1170-SASML,0,0.17
3693,5201-FRKKS,0,0.17
6520,9251-WNSOD,0,0.17
6311,8931-GJJIQ,1,0.46
6921,9822-OAOVB,0,0.17
3119,4472-VESGY,0,0.17
2092,3001-UNBTL,0,0.17
1670,2433-KMEAS,1,0.46
106,0188-GWFLE,0,0.17
5963,8404-GFGCZ,0,0.17
5922,8337-MSSXB,1,0.46
3528,5003-XZWWO,0,0.17
6624,9412-GHEEC,1,0.46
2427,3472-QPRCH,0,0.17
991,1439-LCGVL,0,0.17
4809,6766-HFKLA,0,0.17
1776,2595-KIWPV,0,0.17
6982,9909-IDLEK,0,0.17
386,0570-BFQHT,0,0.17
5138,7234-FECYN,1,0.46
6223,8800-ZKRFW,0,0.17
1478,2187-LZGPL,1,0.46
1066,1555-DJEQW,1,0.46
5674,7996-MHXLW,0,0.17
4016,5656-MJEFC,0,0.17
2326,3325-FUYCG,1,0.46
5874,8260-NGFNY,1,0.46
1769,2586-CWXVV,0,0.17
2611,3721-CNZHX,0,0.17
6941,9845-PEEKO,0,0.17
3988,5624-BQSSA,1,0.46
2402,3439-GVUSX,0,0.17
5939,8375-DKEBR,1,0.46
3276,4682-BLBUC,0,0.17
5354,7562-UXTPG,0,0.17
6215,8784-CGILN,1,0.46
1192,1755-RMCXH,0,0.17
3419,4846-WHAFZ,1,0.46
5074,7131-ZQZNK,0,0.17
6742,9574-BOSMD,0,0.17
3146,4514-GFCFI,1,0.46
4314,6082-OQFBA,0,0.17
112,0196-VULGZ,1,0.46
545,0804-YGEQV,0,0.17
3104,4450-YOOHP,0,0.17
4208,5940-NFXKV,1,0.46
3295,4702-HDRKD,0,0.17
6287,8896-RAZCR,0,0.17
5826,8200-LGKSR,0,0.17
1377,2040-LDIWQ,0,0.17
3458,4903-CNOZC,0,0.17
1742,2535-PBCGC,0,0.17
1234,1832-PEUTS,0,0.17
1773,2592-HODOV,0,0.17
3073,4396-KLSEH,0,0.17
2608,3719-TDVQB,0,0.17
1662,2419-FSORS,0,0.17
4442,6260-ONULR,0,0.17
6009,8485-GJCDN,1,0.46
5650,7966-YOTQW,0,0.17
5938,8374-XGEJJ,1,0.46
1884,2732-ISEZX,0,0.17
528,0774-RMNUW,0,0.17
5924,8338-QIUNR,0,0.17
4401,6203-HBZPA,0,0.17
5834,8207-DMRVL,0,0.17
1432,2108-YKQTY,1,0.46
4210,5945-AZYHT,0,0.17
2515,3594-IVHJZ,0,0.17
3720,5232-NXPAY,0,0.17
6139,8699-ASUFO,1,0.46
348,0516-OOHAR,0,0.17
2422,3466-WAESX,0,0.17
6481,9174-FKWZE,1,0.46
5860,8234-GSZYK,0,0.17
1628,2369-UAPKZ,1,0.46
1615,2351-RRBUE,0,0.17
3118,4472-LVYGI,0,0.17
6236,8818-XYFCQ,1,0.46
5082,7138-GIRSH,0,0.17
4646,6556-DBKZF,0,0.17
3734,5249-QYHEX,0,0.17
4317,6087-YPWHO,0,0.17
2292,3276-HDUEG,1,0.46
6953,9863-JZAIC,1,0.46
5158,7251-XFOIL,0,0.17
3024,4324-AHJKS,0,0.17
1619,2359-QWQUL,1,0.46
3479,4929-BSTRX,1,0.46
4427,6242-MBHPK,0,0.17
1322,1965-AKTSX,1,0.46
1569,2277-VWCNI,0,0.17
6798,9646-NMHXE,0,0.17
5144,7241-AJHFS,0,0.17
487,0709-TVGUR,1,0.46
70,0114-RSRRW,0,0.17
4928,6933-VLYFX,0,0.17
712,1049-FYSYG,0,0.17
3521,4992-LTJNE,0,0.17
1530,2237-ZFSMY,1,0.46
956,1389-CXMLU,1,0.46
6048,8566-YPRGL,0,0.17
6495,9209-NWPGU,0,0.17
2045,2951-QOQTK,1,0.46
1876,2722-JMONI,1,0.46
1215,1792-UXAFY,1,0.46
859,1247-QBVSH,0,0.17
2741,3898-GUYTS,0,0.17
4354,6137-NICCO,0,0.17
1395,2065-MMKGR,0,0.17
4867,6859-QNXIQ,0,0.17
327,0486-HECZI,1,0.46
6129,8679-LZBMD,0,0.17
1800,2632-IVXVF,0,0.17
3474,4922-CVPDX,0,0.17
6288,8898-KASCD,0,0.17
2873,4092-OFQZS,0,0.17
2123,3050-RLLXC,0,0.17
4960,6982-SSHFK,1,0.46
3677,5186-EJEGL,0,0.17
1373,2038-LLMLM,0,0.17
29,0042-RLHYP,0,0.17
5128,7217-JYHOQ,0,0.17
6040,8561-NMTBD,0,0.17
882,1273-MTETI,1,0.46
2572,3677-IYRBF,1,0.46
5722,8058-JMEQO,1,0.46
6210,8780-IXSTS,1,0.46
6990,9921-EZKBY,0,0.17
6787,9633-DENPU,0,0.17
5091,7153-OANIO,1,0.46
3246,4644-PIZRT,0,0.17
1857,2692-PFYTJ,0,0.17
4180,5909-ECHUI,1,0.46
3273,4676-WLUHT,0,0.17
434,0637-KVDLV,1,0.46
6777,9621-OUPYD,0,0.17
2143,3074-GQWYX,1,0.46
388,0575-CUQOV,0,0.17
3632,5144-PQCDZ,0,0.17
2965,4236-UJPWO,0,0.17
1045,1522-VVDMG,1,0.46
380,0564-MUUQK,0,0.17
2578,3683-QKIUE,1,0.46
1864,2703-AMTUL,0,0.17
4054,5709-LVOEQ,0,0.17
2293,3278-FSIXX,0,0.17
588,0867-LDTTC,0,0.17
2091,3001-CBHLQ,1,0.46
856,1241-EZFMJ,0,0.17
5413,7623-TRNQN,1,0.46
1766,2581-VKIRT,0,0.17
1894,2750-BJLSB,0,0.17
5308,7502-BNYGS,0,0.17
5341,7547-EKNFS,1,0.46
2855,4075-WKNIU,0,0.17
628,0924-BJCRC,0,0.17
582,0854-UYHZD,0,0.17
122,0214-JHPFW,0,0.17
3442,4881-GQJTW,0,0.17
3489,4942-VZZOM,0,0.17
2887,4115-NZRKS,0,0.17
413,0613-WUXUM,0,0.17
3748,5278-PNYOX,0,0.17
6045,8565-CLBZW,1,0.46
3910,5501-TVMGM,0,0.17
2508,3585-ISXZP,1,0.46
6940,9844-FELAJ,0,0.17
6467,9152-AMKAK,0,0.17
310,0459-SPZHJ,0,0.17
4049,5702-KVQRD,0,0.17
3054,4369-NYSCF,0,0.17
4937,6954-OOYZZ,0,0.17
4183,5914-GXMDA,0,0.17
4534,6388-TABGU,0,0.17
4959,6981-TDRFT,0,0.17
5364,7576-ASEJU,0,0.17
1273,1891-UAWWU,1,0.46
4128,5839-SUYVZ,0,0.17
4608,6500-JVEGC,0,0.17
3346,4770-QAZXN,0,0.17
358,0526-SXDJP,0,0.17
4319,6092-QZVPP,0,0.17
5866,8245-UMPYT,1,0.46
4513,6362-QHAFM,0,0.17
2393,3422-LYEPQ,1,0.46
5180,7284-ZZLOH,0,0.17
5832,8205-OTCHB,1,0.46
6207,8779-QRDMV,1,0.46
5372,7586-ZATGZ,0,0.17
4219,5955-EPOAZ,0,0.17
3917,5515-AKOAJ,1,0.46
1745,2542-HYGIQ,0,0.17
3771,5309-TAIKL,0,0.17
5688,8016-NCFVO,0,0.17
3303,4709-LKHYG,0,0.17
2582,3692-JHONH,0,0.17
1558,2272-JKMSI,0,0.17
1022,1475-VWVDO,0,0.17
4187,5916-QEWPT,0,0.17
1197,1763-WQFUK,0,0.17
6301,8914-RBTSB,1,0.46
3188,4568-KNYWR,0,0.17
3133,4495-LHSSK,0,0.17
2872,4091-TVOCN,0,0.17
4950,6968-URWQU,0,0.17
97,0168-XZKBB,0,0.17
1123,1641-BYBTK,0,0.17
4186,5915-DGNVC,0,0.17
6197,8766-PAFNE,0,0.17
4071,5747-PMBSQ,1,0.46
5838,8212-DJRCH,0,0.17
6710,9530-EHPOH,1,0.46
6924,9824-BEMCV,1,0.46
6857,9742-XOKTS,0,0.17
4467,6298-QDFNH,1,0.46
209,0324-BRPCJ,1,0.46
6296,8908-NMQTX,0,0.17
6456,9137-UIYPG,0,0.17
971,1403-GYAFU,0,0.17
2307,3307-TLCUD,0,0.17
1060,1548-FEHVL,0,0.17
4141,5854-KSRBJ,0,0.17
3499,4957-SREEC,0,0.17
4685,6614-FHDBO,0,0.17
3332,4747-LCAQL,0,0.17
793,1157-BQCUW,1,0.46
1360,2024-BASKD,1,0.46
5661,7978-DKUQH,0,0.17
4123,5832-TRLPB,0,0.17
3757,5294-IMHHT,0,0.17
476,0691-NIKRI,0,0.17
43,0074-HDKDG,0,0.17
3541,5019-GQVCR,0,0.17
5733,8067-NIOYM,0,0.17
2595,3707-LRWZD,1,0.46
4726,6654-QGBZZ,0,0.17
2107,3023-GFLBR,1,0.46
829,1212-GLHMD,0,0.17
3245,4644-OBGFZ,0,0.17
1271,1891-FZYSA,1,0.46
5137,7233-PAHHL,0,0.17
2248,3211-ILJTT,1,0.46
6709,9529-OFXHY,0,0.17
3408,4829-ZLJTK,0,0.17
3706,5214-NLTIT,0,0.17
3862,5440-FLBQG,1,0.46
6566,9332-GYWLO,0,0.17
6556,9313-QOLTZ,0,0.17
4298,6051-PTVNS,0,0.17
2216,3173-NVMPX,0,0.17
2697,3836-FZSDJ,0,0.17
207,0322-YINQP,1,0.46
448,0661-KBKPA,0,0.17
503,0733-VUNUW,1,0.46
387,0572-ZJKLT,0,0.17
4614,6506-EYCNH,0,0.17
2909,4139-SUGLD,1,0.46
4835,6814-ZPWFQ,0,0.17
4466,6297-NOOPG,0,0.17
929,1347-KTTTA,0,0.17
5915,8328-SKJNO,0,0.17
2217,3173-WSSUE,0,0.17
4048,5701-ZIKJE,0,0.17
5552,7817-BOQPW,1,0.46
3183,4565-NLZBV,0,0.17
3883,5457-COLHT,0,0.17
6530,9272-LSVYH,0,0.17
4763,6704-UTUKK,0,0.17
6785,9631-RXVJM,0,0.17
1132,1660-HSOOQ,1,0.46
1305,1936-CZAKF,0,0.17
5181,7285-KLOTR,0,0.17
4170,5896-NPFWW,1,0.46
39,0064-YIJGF,0,0.17
1471,2176-LVPNX,0,0.17
1719,2506-TNFCO,1,0.46
6346,8985-OOPOS,0,0.17
1013,1465-LNTLJ,0,0.17
1418,2087-QAREY,0,0.17
3544,5022-KVDQT,0,0.17
1490,2195-ZRVAX,1,0.46
926,1345-ZUKID,0,0.17
4096,5791-KAJFD,0,0.17
3033,4338-EYCER,0,0.17
1921,2796-UUZZO,0,0.17
133,0224-RLWWD,0,0.17
6225,8805-JNRAZ,0,0.17
5518,7771-ZONAT,0,0.17
2722,3873-NFTGI,0,0.17
6715,9537-VHDTA,0,0.17
2168,3097-NNSPB,1,0.46
619,0907-HQNTS,0,0.17
5908,8316-BBQAY,0,0.17
1501,2207-RYYRL,0,0.17
3203,4588-YBNIB,1,0.46
3929,5533-NHFRF,0,0.17
158,0258-NOKBL,0,0.17
3344,4765-OXPPD,1,0.46
6093,8630-QSGXK,0,0.17
557,0822-GAVAP,1,0.46
1502,2208-MPXIO,0,0.17
1356,2018-PZKMU,0,0.17
6865,9753-OYLBX,0,0.17
2025,2923-ARZLG,0,0.17
1200,1767-CJKBA,0,0.17
2288,3269-ATYWD,1,0.46
5712,8046-DNVTL,0,0.17
3359,4791-QRGMF,1,0.46
4640,6549-BTYPG,0,0.17
3689,5198-EFNBM,0,0.17
6993,9924-JPRMC,0,0.17
278,0410-IPFTY,0,0.17
3646,5154-VEKBL,1,0.46
340,0506-LVNGN,1,0.46
4531,6383-ZTSIW,0,0.17
1083,1576-PFZIW,0,0.17
3599,5108-ADXWO,1,0.46
5897,8295-FHIVV,0,0.17
5723,8059-UDZFY,0,0.17
3437,4873-ILOLJ,1,0.46
1277,1897-RCFUM,0,0.17
4791,6734-FQAJX,0,0.17
3360,4795-KTRTH,1,0.46
6878,9770-LXDBK,0,0.17
885,1291-CUOCY,0,0.17
6498,9220-CXRSC,0,0.17
6451,9134-WYRVP,0,0.17
400,0595-ITUDF,0,0.17
5202,7319-ZNRTR,0,0.17
2491,3566-VVORZ,0,0.17
5559,7825-GKXMW,1,0.46
5241,7389-KBFIT,0,0.17
2495,3569-VLDHH,0,0.17
4922,6923-JHPMP,0,0.17
6463,9143-CANJF,0,0.17
2115,3038-PQIUY,0,0.17
4639,6546-OPBBH,0,0.17
2513,3590-TCXTB,0,0.17
6507,9229-RQABD,0,0.17
226,0348-SDKOL,1,0.46
3530,5010-IPEAQ,0,0.17
3626,5136-RGMZO,0,0.17
295,0434-CSFON,0,0.17
2908,4139-JPIAM,0,0.17
6392,9057-MSWCO,1,0.46
2828,4018-PPNDW,0,0.17
920,1336-EZFZY,0,0.17
1945,2823-LKABH,0,0.17
2391,3420-ZDBMA,0,0.17
3005,4301-VVZKA,0,0.17
54,0094-OIFMO,1,0.46
2058,2961-VNFKL,0,0.17
5154,7248-VZQLC,1,0.46
2066,2972-YDYUW,0,0.17
2716,3865-ZFZIB,0,0.17
5621,7921-LMDFQ,0,0.17
2613,3722-WPXTK,1,0.46
2264,3235-ETOOB,1,0.46
4753,6692-YQHXC,0,0.17
4083,5766-XQXMQ,1,0.46
3589,5088-QZLRL,0,0.17
6132,8685-WHQPW,1,0.46
1579,2302-ANTDP,1,0.46
3821,5373-SFODM,1,0.46
2549,3645-DEYGF,0,0.17
5951,8390-FESFV,0,0.17
3322,4730-AWNAU,0,0.17
2239,3198-VELRD,1,0.46
2691,3814-MLAXC,1,0.46
1011,1459-QNFQT,0,0.17
1975,2858-MOFSQ,1,0.46
4386,6180-YBIQI,0,0.17
4445,6261-RCVNS,1,0.46
443,0654-HMSHN,1,0.46
5844,8219-VYBVI,0,0.17
6474,9169-BSVIN,0,0.17
5613,7905-NJMXS,0,0.17
1080,1573-LGXBA,0,0.17
2140,3070-FNFZQ,0,0.17
3573,5062-CJJKH,0,0.17
3187,4567-AKPIA,0,0.17
555,0818-OCPZO,1,0.46
559,0823-HSCDJ,1,0.46
2445,3506-LCJDC,1,0.46
6348,8990-YOZLV,0,0.17
6411,9079-LWTFD,0,0.17
5904,8313-KTIHG,0,0.17
4085,5774-QPLTF,0,0.17
1497,2205-YMZZJ,1,0.46
3649,5158-RIVOP,0,0.17
4824,6786-OBWQR,0,0.17
406,0603-TPMIB,0,0.17
4902,6901-GOGZG,0,0.17
1476,2181-UAESM,0,0.17
3483,4933-BSAIP,0,0.17
3258,4658-HCOHW,1,0.46
1078,1569-TTNYJ,1,0.46
5556,7823-JSOAG,0,0.17
5041,7089-IVVAZ,1,0.46
2561,3662-FXJFO,0,0.17
2980,4273-MBHYA,0,0.17
963,1396-QWFBJ,1,0.46
3782,5320-BRKGK,0,0.17
5329,7526-IVLYU,0,0.17
6668,9488-FVZCC,0,0.17
1692,2466-NEJOJ,0,0.17
2155,3090-HAWSU,1,0.46
2663,3785-KTYSH,0,0.17
2971,4248-HCETZ,1,0.46
5792,8152-VETUR,0,0.17
2518,3597-MVHJT,0,0.17
6838,9711-FJTBX,0,0.17
4341,6124-ACRHJ,0,0.17
5223,7351-MHQVU,0,0.17
5251,7399-QHBJS,0,0.17
4694,6619-RPLQZ,0,0.17
3240,4636-OLWOE,0,0.17
4260,5998-DZLYR,0,0.17
1804,2636-ALXXZ,1,0.46
645,0945-TSONX,0,0.17
6719,9544-PYPSJ,0,0.17
1994,2880-FPNAE,0,0.17
2598,3714-JTVOV,1,0.46
1852,2688-BHGOG,0,0.17
4609,6502-HCJTI,1,0.46
1755,2565-JSLRY,1,0.46
1874,2720-FVBQP,0,0.17
1296,1928-BXYIV,0,0.17
4100,5795-KTGUD,0,0.17
3844,5397-NSKQG,0,0.17
3265,4667-QONEA,0,0.17
5183,7293-LSCDV,0,0.17
262,0390-DCFDQ,1,0.46
3509,4973-RLZVI,0,0.17
6669,9488-FYQAU,0,0.17
1717,2504-DSHIH,0,0.17
5344,7550-WIQVA,0,0.17
4248,5989-OMNJE,0,0.17
637,0931-MHTEM,0,0.17
3029,4332-MUOEZ,0,0.17
1495,2203-GHNWN,0,0.17
6087,8626-PTQGE,0,0.17
3082,4418-LZMSV,0,0.17
3995,5630-IXDXV,0,0.17
3853,5419-JKZNQ,0,0.17
2648,3763-GCZHZ,1,0.46
6367,9025-ZRPVR,1,0.46
1582,2305-MRGLV,0,0.17
1631,2371-KFUOG,0,0.17
2698,3838-OZURD,1,0.46
4647,6557-BZXLQ,0,0.17
3444,4883-KCPZJ,0,0.17
2820,4011-ARPHK,0,0.17
6630,9420-LOJKX,1,0.46
6433,9108-EJFJP,0,0.17
3397,4824-GUCBY,0,0.17
5483,7718-RXDGG,0,0.17
2567,3669-WHAFY,0,0.17
5738,8073-IJDCM,1,0.46
4924,6925-BAYGL,0,0.17
4712,6637-KYRCV,0,0.17
6260,8859-DZTGQ,0,0.17
5553,7817-OMJNA,0,0.17
175,0281-CNTZX,0,0.17
3890,5472-CVMDX,0,0.17
1249,1848-LBZHY,0,0.17
1951,2829-HYVZP,0,0.17
5532,7789-CRUVC,0,0.17
6068,8601-QACRS,1,0.46
1160,1704-NRWYE,1,0.46
506,0742-LAFQK,0,0.17
2540,3638-VBZTA,0,0.17
2270,3247-MHJKM,0,0.17
5217,7340-KEFQE,0,0.17
3994,5630-AHZIL,0,0.17
6803,9658-WYUFB,1,0.46
6545,9294-TDIPC,0,0.17
4652,6563-VRERX,0,0.17
1089,1585-MQSSU,1,0.46
4508,6353-BRMMA,0,0.17
3958,5569-OUICF,1,0.46
1935,2810-FTLEM,1,0.46
5977,8429-XIBUM,1,0.46
2426,3472-OAOOR,0,0.17
3981,5609-CEBID,1,0.46
2770,3945-GFWQL,1,0.46
1926,2800-VEQXM,0,0.17
3356,4785-QRJHC,1,0.46
4664,6582-PLFUU,0,0.17
6896,9795-SHUHB,0,0.17
6410,9076-AXYIK,0,0.17
3510,4976-LNFVV,0,0.17
1607,2342-CKIAO,0,0.17
6312,8932-CZHRQ,0,0.17
1868,2712-SYWAY,0,0.17
1137,1670-SVOWZ,1,0.46
2786,3966-HRMZA,0,0.17
2014,2905-KFQUV,0,0.17
3217,4614-NUVZD,1,0.46
6732,9560-BBZXK,0,0.17
3271,4674-HGNUA,0,0.17
4669,6585-WCEWR,0,0.17
5551,7816-VGHTO,0,0.17
311,0461-CVKMU,1,0.46
91,0147-ESWWR,0,0.17
1149,1696-HXOWK,0,0.17
6637,9435-JMLSX,0,0.17
6161,8727-XDPUD,0,0.17
4457,6285-FTQBF,0,0.17
5463,7690-KPNCU,0,0.17
3436,4872-VXRIL,0,0.17
6247,8838-GPHZP,0,0.17
1863,2700-LUEVA,0,0.17
6704,9522-BNTHX,0,0.17
3421,4847-TAJYI,0,0.17
513,0746-JTRFU,1,0.46
4566,6437-UDQJM,0,0.17
6067,8597-CWYHH,0,0.17
2527,3620-EHIMZ,0,0.17
4869,6860-YRJZP,0,0.17
5359,7568-PODML,1,0.46
1446,2135-RXIHG,1,0.46
5873,8259-NFJTV,0,0.17
6163,8731-WBBMB,0,0.17
4061,5726-CVNYA,0,0.17
6188,8752-IMQOS,0,0.17
373,0556-FJEGU,0,0.17
2747,3908-MKIMJ,0,0.17
3574,5063-IUOKK,0,0.17
142,0235-KGSLC,1,0.46
4495,6341-AEVKX,0,0.17
4838,6818-DJXAA,0,0.17
1118,1635-FJFCC,0,0.17
1954,2832-KJCRD,0,0.17
3335,4750-UKWJK,0,0.17
6772,9617-UDPEU,0,0.17
6064,8593-WHYHV,1,0.46
5758,8098-TDCBU,0,0.17
1391,2057-BOYKM,0,0.17
3165,4538-WNTMJ,0,0.17
6590,9367-OIUXP,0,0.17
3811,5360-LJCNJ,0,0.17
1397,2068-WWXQZ,0,0.17
5072,7130-VTEWQ,1,0.46
6511,9237-HQITU,1,0.46
3944,5552-ZNFSJ,1,0.46
4125,5834-ASPWA,1,0.46
5706,8040-MNRTF,0,0.17
1119,1635-HDGFT,0,0.17
204,0320-DWVTU,0,0.17
5870,8257-RZAHR,1,0.46
1550,2262-SLNVK,0,0.17
5973,8414-OOEEL,0,0.17
206,0322-CHQRU,1,0.46
895,1304-BCCFO,0,0.17
6567,9334-GWGOW,0,0.17
5528,7783-YKGDV,1,0.46
6122,8670-MEFCP,0,0.17
5849,8224-IVVPA,0,0.17
4675,6598-KELSS,0,0.17
5928,8348-HFYIV,1,0.46
6153,8715-KKTFG,0,0.17
2145,3078-ZKNTS,0,0.17
6714,9537-JALFH,0,0.17
7018,9958-MEKUC,0,0.17
4239,5981-ITEMU,1,0.46
467,0682-USIXD,0,0.17
5410,7622-FWGEW,0,0.17
5500,7743-EXURX,1,0.46
4063,5729-KLZAR,1,0.46
1677,2446-ZKVAF,0,0.17
3045,4360-QRAVE,0,0.17
2166,3097-FQTVJ,0,0.17
3998,5641-DMBFJ,0,0.17
6256,8853-TZDGH,0,0.17
3170,4547-KQRTM,1,0.46
6791,9638-JIQYA,0,0.17
6837,9710-ZUSHQ,1,0.46
3222,4622-YNKIJ,0,0.17
1326,1972-XMUWV,0,0.17
2526,3617-XLSGQ,0,0.17
5609,7901-HXJVA,0,0.17
103,0186-CAERR,0,0.17
5803,8168-UQWWF,1,0.46
4002,5647-URDKA,0,0.17
119,0207-MDKNV,1,0.46
4425,6240-EURKS,1,0.46
2804,3988-RQIXO,1,0.46
1053,1539-LNKHM,0,0.17
6575,9350-ZXYJC,0,0.17
3128,4486-EFAEB,0,0.17
6796,9644-KVCNC,0,0.17
6800,9648-BCHKM,0,0.17
3699,5206-HPJKM,0,0.17
978,1415-YFWLT,1,0.46
2404,3441-CGZJH,0,0.17
6066,8597-CTXVJ,0,0.17
1333,1984-FCOWB,1,0.46
3030,4334-HOWRP,0,0.17
1519,2229-VWQJH,0,0.17
5201,7319-VENRZ,0,0.17
1636,2378-YIZKA,0,0.17
1597,2324-EFHVG,0,0.17
2300,3285-UCQVC,1,0.46
4918,6921-OZMFH,0,0.17
2972,4248-QPAVC,1,0.46
2079,2985-JUUBZ,0,0.17
6991,9921-QFQUL,0,0.17
5821,8194-PEEBY,0,0.17
5513,7764-BDPEE,0,0.17
2932,4186-ZBUEW,0,0.17
6985,9916-AYHTC,0,0.17
6915,9818-XQCUV,0,0.17
216,0330-IVZHA,1,0.46
6042,8563-IIOXK,1,0.46
2048,2955-BJZHG,1,0.46
1675,2446-BEGGB,1,0.46
2662,3780-YVMFA,0,0.17
1107,1619-YWUBB,0,0.17
482,0702-PGIBZ,1,0.46
3229,4627-MIHJH,0,0.17
6620,9408-HRXRK,0,0.17
5502,7746-QYVCO,0,0.17
6694,9507-HSMMZ,0,0.17
3979,5605-XNWEN,0,0.17
2522,3606-SBKRY,0,0.17
156,0257-KXZGU,0,0.17
774,1131-ALZWV,0,0.17
3143,4510-PYUSH,1,0.46
5085,7142-HVGBG,1,0.46
3083,4419-UJMUS,0,0.17
4739,6680-WKXRZ,1,0.46
3764,5299-SJCZT,1,0.46
2308,3308-DGHKL,0,0.17
2781,3957-HHLMR,0,0.17
1380,2040-XBAVJ,0,0.17
3467,4912-PIGUY,0,0.17
1568,2277-DJJDL,0,0.17
593,0871-OPBXW,0,0.17
6051,8573-CGOCC,0,0.17
2040,2933-FILNV,1,0.46
3230,4628-CTTLA,1,0.46
4775,6723-CEGQI,0,0.17
6937,9840-DVNDC,1,0.46
6309,8929-KSWIH,0,0.17
212,0327-WFZSY,0,0.17
1614,2351-BKRZW,0,0.17
5221,7349-ALMUX,0,0.17
2731,3887-PBQAO,0,0.17
2869,4086-YQSNZ,1,0.46
1443,2129-ALKBS,0,0.17
4578,6461-PPAXN,0,0.17
4065,5730-RIITO,0,0.17
642,0940-OUQEC,1,0.46
4462,6289-CPNLD,1,0.46
4972,6994-FGRHH,0,0.17
5098,7162-WPHPM,0,0.17
271,0402-CQAJN,1,0.46
1406,2077-DDHJK,0,0.17
2371,3398-FSHON,1,0.46
3439,4877-TSOFF,0,0.17
466,0680-DFNNY,1,0.46
968,1400-WIVLL,0,0.17
2656,3774-VBNXY,0,0.17
5458,7677-SJJJK,0,0.17
5134,7228-PAQPD,0,0.17
670,0979-PHULV,1,0.46
3729,5244-IRFIH,1,0.46
4370,6166-ILMNY,1,0.46
1260,1866-DIOQZ,0,0.17
2831,4023-RTIQM,0,0.17
6340,8979-CAMGB,0,0.17
937,1356-MKYSK,0,0.17
3454,4896-CPRPF,0,0.17
3377,4811-JBUVU,0,0.17
2594,3707-GNWHM,1,0.46
2807,3995-WFCSM,0,0.17
1758,2569-WGERO,0,0.17
3630,5143-EGQFK,1,0.46
218,0334-ZFJSR,0,0.17
932,1352-VHKAJ,0,0.17
2410,3452-ABWRL,0,0.17
2170,3097-PYWXL,0,0.17
5295,7479-NITWS,1,0.46
1839,2674-MLXMN,0,0.17
4375,6169-PPETC,0,0.17
6607,9391-EOYLI,1,0.46
3527,5003-OKNNK,0,0.17
5087,7145-FEJWU,0,0.17
4583,6465-GSRCL,0,0.17
1216,1794-HBQTJ,1,0.46
6913,9814-AOUDH,0,0.17
5240,7384-GHBPI,1,0.46
1948,2826-DXLQO,0,0.17
1310,1945-XISKS,0,0.17
1671,2434-EEVDB,0,0.17
4400,6202-JVYEU,0,0.17
1224,1813-JYWTO,0,0.17
3990,5626-MGTUK,0,0.17
2464,3524-WQDSG,0,0.17
1648,2393-DIVAI,0,0.17
721,1063-DHQJF,0,0.17
3066,4390-KYULV,1,0.46
901,1309-BXVOQ,1,0.46
6271,8874-EJNSR,0,0.17
6684,9500-IWPXQ,0,0.17
1396,2067-QYTCF,0,0.17
5184,7294-TMAOP,1,0.46
5787,8148-WOCMK,0,0.17
1593,2321-OMBXY,1,0.46
4554,6418-PIQSP,0,0.17
5685,8010-EZLOU,1,0.46
5059,7112-OPOTK,1,0.46
4116,5821-MMEIL,0,0.17
6368,9026-LHEVG,0,0.17
3175,4550-VBOFE,1,0.46
3985,5619-PTMIK,0,0.17
5274,7439-DKZTW,0,0.17
1054,1541-ETJZO,1,0.46
6447,9128-CPXKI,0,0.17
1335,1985-MBRYP,0,0.17
5296,7480-QNVZJ,1,0.46
3068,4391-RESHN,1,0.46
790,1153-GNOLC,0,0.17
5303,7493-GVFIO,0,0.17
1589,2320-JRSDE,1,0.46
4150,5868-YTYKS,0,0.17
6229,8808-ELEHO,1,0.46
6000,8466-PZBLH,0,0.17
3160,4531-AUZNK,0,0.17
6072,8606-OEGQZ,0,0.17
6211,8780-RSYYU,0,0.17
1318,1960-UYCNN,0,0.17
56,0096-FCPUF,0,0.17
883,1282-IHQAC,0,0.17
1505,2208-UGTGR,0,0.17
677,0993-OSGPT,0,0.17
6682,9498-FIMXL,0,0.17
1509,2215-ZAFGX,0,0.17
6555,9313-CDOGY,0,0.17
6960,9873-MNDKV,0,0.17
2147,3082-VQXNH,0,0.17
5583,7860-KSUGX,0,0.17
1341,1998-VHJHK,0,0.17
2883,4111-BNXIF,0,0.17
549,0811-GSDTP,0,0.17
852,1236-WFCDV,1,0.46
3144,4512-ZUIYL,1,0.46
6266,8869-LIHMK,0,0.17
307,0455-ENTCR,0,0.17
6127,8677-HDZEE,0,0.17
5604,7892-POOKP,1,0.46
5070,7129-CAKJW,0,0.17
4169,5895-QSXOD,0,0.17
76,0123-CRBRT,0,0.17
3136,4501-UYKBC,0,0.17
988,1431-CYWMH,0,0.17
6454,9136-ALYBR,1,0.46
5727,8063-RJYNF,1,0.46
3690,5198-HQAEN,0,0.17
1048,1530-ZTDOZ,0,0.17
4438,6257-RJOHI,0,0.17
6938,9840-EFJQB,0,0.17
6219,8791-GFXLZ,0,0.17
6107,8646-JCOMS,0,0.17
4310,6078-VESFR,0,0.17
6690,9504-YAZWB,0,0.17
2538,3635-QQRQD,0,0.17
2548,3644-QXEHN,0,0.17
4259,5997-OPVFA,0,0.17
703,1038-RQOST,0,0.17
5976,8421-WZOOW,0,0.17
3349,4776-XSKYQ,0,0.17
6431,9103-TCIHJ,1,0.46
4166,5889-LFOLL,1,0.46
3783,5321-NTRKC,0,0.17
6814,9675-ICXCT,0,0.17
3997,5640-CAXOA,0,0.17
4997,7024-OHCCK,1,0.46
6903,9800-ONTFE,0,0.17
2563,3665-JATSN,0,0.17
5761,8100-PNJMH,0,0.17
4541,6402-EJMWF,0,0.17
1821,2657-VPXTA,0,0.17
3705,5214-CHIWJ,0,0.17
1303,1934-SJVJK,1,0.46
3298,4704-ERYFC,1,0.46
2609,3720-DBRWL,0,0.17
5975,8417-GSODA,0,0.17
944,1370-GGAWX,0,0.17
709,1045-LTCYT,0,0.17
1096,1596-OQSPS,0,0.17
1381,2041-JIJCI,0,0.17
1214,1791-PQHBB,0,0.17
4558,6425-JWTDV,0,0.17
1058,1545-JFUML,0,0.17
690,1022-RKXDR,0,0.17
3549,5028-GZLDO,1,0.46
1122,1640-PLFMP,0,0.17
1875,2720-WGKHP,1,0.46
2555,3654-ARMGP,0,0.17
2451,3511-APPBJ,0,0.17
5765,8107-RZLNV,0,0.17
6039,8559-WNQZS,0,0.17
6959,9871-ELEYA,0,0.17
897,1304-SEGFY,0,0.17
654,0958-YHXGP,0,0.17
3644,5153-LXKDT,0,0.17
3102,4450-DLLMH,0,0.17
3043,4359-INNWN,0,0.17
1943,2819-GWENI,0,0.17
3236,4633-MKHYU,0,0.17
5460,7683-CBDKJ,1,0.46
2888,4115-UMJFQ,0,0.17
3834,5385-SUIRI,1,0.46
2769,3943-KDREE,1,0.46
342,0508-OOLTO,0,0.17
2396,3424-NMNBO,1,0.46
6032,8544-GOQSH,0,0.17
1457,2150-WLKUW,0,0.17
3645,5153-RTHKF,0,0.17
5679,8003-EWNDZ,0,0.17
599,0876-WDUUZ,1,0.46
1760,2575-GFSOE,1,0.46
2408,3450-WXOAT,0,0.17
3391,4821-SJHJV,0,0.17
3201,4587-NUKOX,1,0.46
5580,7855-DIWPO,0,0.17
786,1142-WACZW,1,0.46
1032,1492-QGCLU,0,0.17
1572,2284-VFLKH,0,0.17
3555,5038-ETMLM,0,0.17
4638,6543-XRMYR,1,0.46
1784,2607-DHDAK,0,0.17
4530,6380-ARCEH,0,0.17
4387,6181-AXXYF,0,0.17
6580,9357-UJRUN,0,0.17
3685,5196-WPYOW,0,0.17
6521,9253-QXKBE,1,0.46
3762,5298-GSTLM,0,0.17
1813,2645-QTLMB,1,0.46
3126,4484-CGXFK,1,0.46
5393,7603-USHJS,1,0.46
4283,6032-KRXXO,1,0.46
1583,2307-FYNNL,0,0.17
2283,3259-KNMRR,0,0.17
2321,3318-OSATS,1,0.46
2471,3537-HPKQT,0,0.17
6386,9052-DHNKM,0,0.17
1844,2676-OXPPQ,0,0.17
2398,3427-GGZZI,0,0.17
2487,3563-SVYLG,0,0.17
4740,6681-ZSEXG,0,0.17
5635,7943-RQCHR,1,0.46
5872,8259-DZLIZ,0,0.17
410,0608-JDVEC,0,0.17
3940,5546-BYZSM,0,0.17
6539,9282-IZGQK,1,0.46
234,0362-ZBZWJ,1,0.46
5002,7029-IJEJK,0,0.17
4812,6770-UAYGJ,0,0.17
2332,3338-CVVEH,0,0.17
2113,3030-ZKIWL,0,0.17
4419,6230-BSUXY,1,0.46
2052,2957-LOLHO,1,0.46
5882,8267-KFGYD,0,0.17
4619,6510-UPNKS,0,0.17
465,0679-TDGAK,0,0.17
5260,7409-KIUTL,1,0.46
5190,7301-ABVAD,0,0.17
4397,6199-IPCAO,0,0.17
4487,6332-FBZRI,0,0.17
5763,8106-GWQOK,0,0.17
3110,4458-KVRBJ,0,0.17
3168,4546-FOKWR,0,0.17
841,1222-LRYKO,0,0.17
4859,6849-OYAMU,1,0.46
6639,9441-QHEVC,0,0.17
5933,8361-LBRDI,0,0.17
4410,6217-KDYWC,0,0.17
5779,8132-YPVBX,0,0.17
6077,8614-VGMMV,1,0.46
4517,6366-ZGQGL,1,0.46
3085,4423-JWZJN,0,0.17
3031,4335-BSMJS,0,0.17
2406,3445-HXXGF,1,0.46
2931,4184-VODJZ,0,0.17
2920,4163-KIUHY,0,0.17
4296,6050-FFXES,0,0.17
4434,6252-DFGTK,0,0.17
4417,6229-LSCKB,0,0.17
6599,9378-FXTIZ,1,0.46
279,0411-EZJZE,0,0.17
1228,1818-ESQMW,0,0.17
459,0674-DGMAQ,0,0.17
121,0212-ISBBF,0,0.17
3735,5256-SKJGO,0,0.17
6275,8879-XUAHX,0,0.17
2740,3898-BSJYF,0,0.17
5837,8212-CRQXP,0,0.17
4888,6891-JPYFF,0,0.17
1393,2058-DCJBE,1,0.46
86,0137-OCGAB,1,0.46
6233,8815-LMFLX,0,0.17
1547,2257-BOVXD,0,0.17
934,1353-LJWEM,0,0.17
4234,5975-BAICR,0,0.17
4112,5816-JMLGY,0,0.17
5139,7234-KMNRQ,0,0.17
6881,9776-CLUJA,1,0.46
1367,2027-WKXMW,0,0.17
3741,5271-DBYSJ,0,0.17
6272,8875-AKBYH,0,0.17
4688,6614-YWYSC,0,0.17
1267,1871-MOWRM,1,0.46
3425,4853-RULSV,1,0.46
4171,5897-ZYEKH,0,0.17
6969,9889-TMAHG,1,0.46
2036,2931-FSOHN,0,0.17
5743,8080-POTJR,0,0.17
5239,7382-DFJTU,0,0.17
1105,1614-JBEBI,0,0.17
6935,9838-BFCQT,0,0.17
6688,9503-XJUME,0,0.17
1348,2004-OCQXK,1,0.46
4321,6096-EGVTU,0,0.17
906,1320-HTRDR,1,0.46
5247,7396-VJUZB,0,0.17
2655,3771-PZOBW,0,0.17
4012,5651-YLPRD,0,0.17
3965,5578-NKCXI,0,0.17
2272,3249-VHRIP,0,0.17
3254,4654-GGUII,0,0.17
695,1025-FALIX,0,0.17
5934,8361-LTMKD,1,0.46
2912,4143-HHPMK,1,0.46
480,0701-RFGFI,0,0.17
3759,5296-BFCYD,0,0.17
1533,2239-JALAW,1,0.46
2119,3045-XETSH,1,0.46
5379,7594-RQHXR,1,0.46
1464,2162-FRZAA,0,0.17
3719,5231-FIQPA,0,0.17
772,1122-YJBCS,0,0.17
3026,4325-NFSKC,1,0.46
5063,7120-RFMVS,1,0.46
955,1386-ZIKUV,0,0.17
1764,2580-ASVVY,0,0.17
4144,5857-XRECV,0,0.17
2353,3372-KWFBM,1,0.46
2381,3410-MHHUM,0,0.17
2317,3317-HRTNN,1,0.46
269,0397-ZXWQF,0,0.17
202,0318-ZOPWS,0,0.17
6711,9530-GRMJG,0,0.17
2898,4129-LYCOI,0,0.17
6592,9367-WXLCH,1,0.46
4105,5804-HYIEZ,0,0.17
660,0967-BMLBD,0,0.17
741,1089-HDMKP,0,0.17
24,0031-PVLZI,1,0.46
781,1136-XGEQU,0,0.17
5759,8099-MZPUJ,0,0.17
4955,6979-TNDEU,0,0.17
6476,9170-CCKOU,1,0.46
2478,3546-GHEAE,0,0.17
6364,9018-PCIOK,0,0.17
1151,1697-BCSHV,0,0.17
2011,2900-PHPLN,0,0.17
1312,1951-IEYXM,0,0.17
1877,2722-VOJQL,1,0.46
2276,3254-YRILK,1,0.46
3259,4659-NZRUF,1,0.46
1793,2616-UUTFK,0,0.17
5004,7030-FZTFM,0,0.17
3803,5349-AZPEW,0,0.17
5173,7274-RTAPZ,1,0.46
777,1133-KXCGE,0,0.17
168,0269-XFESX,0,0.17
3548,5027-YOCXN,0,0.17
1093,1591-NFNLQ,1,0.46
5798,8165-CBKXO,0,0.17
5279,7446-YPODE,0,0.17
3051,4367-NHWMM,0,0.17
570,0839-QNXME,0,0.17
1738,2530-ENDWQ,1,0.46
3333,4749-OJKQU,0,0.17
25,0032-PGELS,1,0.46
5348,7554-AKDQF,0,0.17
375,0559-CKHUS,0,0.17
2843,4057-FKCZK,0,0.17
652,0956-ACVZC,0,0.17
2128,3058-HJCUY,1,0.46
5503,7748-UMTRK,0,0.17
5356,7564-GHCVB,0,0.17
1167,1722-LDZJS,0,0.17
1990,2876-VBBBL,1,0.46
3813,5364-EVNIB,1,0.46
429,0625-AFOHS,0,0.17
2001,2887-JPYLU,0,0.17
3037,4349-GFQHK,1,0.46
1372,2037-XJFUP,1,0.46
3868,5442-XSDCW,1,0.46
762,1106-HRLKZ,0,0.17
4095,5789-LDFXO,0,0.17
702,1036-GUDCL,0,0.17
2760,3930-ZGWVE,0,0.17
1977,2862-JVEOY,0,0.17
7024,9967-ATRFS,0,0.17
605,0886-QGENL,1,0.46
5715,8050-DVOJX,0,0.17
415,0617-AQNWT,1,0.46
739,1088-AUUZZ,0,0.17
1109,1622-HSHSF,0,0.17
4471,6304-IJFSQ,1,0.46
3832,5383-MMTWC,1,0.46
6951,9861-PDSZP,0,0.17
3270,4673-KKSLS,0,0.17
2364,3389-KTRXV,0,0.17
6656,9470-XCCEM,0,0.17
2884,4112-LUEIZ,1,0.46
6115,8659-IOOPU,0,0.17
4348,6131-IUNXN,0,0.17
1498,2207-NHRJK,1,0.46
5297,7480-SPLEF,0,0.17
1939,2812-SFXMJ,0,0.17
4648,6559-ILWKJ,1,0.46
6703,9518-XXBXE,0,0.17
5408,7619-PLRLP,0,0.17
3830,5382-SOYZL,0,0.17
629,0925-VYDLG,1,0.46
6124,8672-OAUPW,0,0.17
2151,3085-QUOZK,1,0.46
7002,9938-EKRGF,0,0.17
1697,2474-LCNUE,0,0.17
2553,3649-JPUGY,0,0.17
5304,7493-TPUWZ,1,0.46
4833,6810-VCAEX,0,0.17
4366,6161-ERDGD,0,0.17
246,0375-HVGXO,1,0.46
2099,3009-JWMPU,1,0.46
5705,8039-EQPIM,0,0.17
3828,5380-WJKOV,1,0.46
4920,6923-AQONU,0,0.17
4908,6907-FLBER,0,0.17
3727,5242-UOWHD,0,0.17
1980,2865-TCHJW,1,0.46
5083,7139-JZFVG,0,0.17
4717,6646-VRFOL,1,0.46
1144,1685-BQULA,0,0.17
5409,7621-VPNET,0,0.17
4730,6661-EIPZC,0,0.17
3178,4558-CGYCZ,0,0.17
4353,6137-MFAJN,0,0.17
784,1140-UKVZG,0,0.17
2127,3057-VJJQE,0,0.17
2022,2919-HBCJO,1,0.46
82,0133-BMFZO,1,0.46
2118,3043-TYBNO,0,0.17
6426,9101-BWFSS,1,0.46
17,0021-IKXGC,0,0.17
3481,4929-XIHVW,0,0.17
2936,4189-NAKJS,0,0.17
2204,3160-TYXLT,0,0.17
2062,2969-QWUBZ,0,0.17
6034,8547-NSBBO,0,0.17
6758,9592-ERDKV,0,0.17
3301,4707-MAXGU,0,0.17
4233,5973-EJGDP,0,0.17
5703,8035-PWSEV,0,0.17
4616,6507-ZJSUR,0,0.17
2700,3841-NFECX,0,0.17
4099,5795-BKOYE,0,0.17
6833,9705-ZJBCG,0,0.17
6079,8619-IJNDK,0,0.17
4983,7009-PCARS,0,0.17
6759,9593-CVZKR,0,0.17
102,0181-RITDD,0,0.17
4595,6479-VDGRK,0,0.17
5626,7927-AUXBZ,1,0.46
3700,5206-XZZQI,0,0.17
2893,4121-AGSIN,0,0.17
2044,2947-DOMLJ,1,0.46
3218,4615-PIVVU,0,0.17
5903,8313-AFGBW,0,0.17
2351,3370-HXOPH,0,0.17
1950,2828-SLQPF,0,0.17
1003,1452-UZOSF,0,0.17
3286,4694-PHWFW,0,0.17
4701,6625-IUTTT,0,0.17
6932,9835-ZIITK,1,0.46
2821,4012-YCFAI,0,0.17
2670,3795-CAWEX,0,0.17
2558,3657-COGMW,0,0.17
4686,6614-VBEGU,0,0.17
3701,5207-PLSTK,0,0.17
4560,6427-FEFIG,0,0.17
768,1116-FRYVH,0,0.17
6484,9184-GALIL,0,0.17
6948,9851-QXEEQ,1,0.46
3737,5261-QSHQM,1,0.46
1383,2045-BMBTJ,0,0.17
472,0689-NKYLF,1,0.46
1855,2692-AQCPF,0,0.17
2754,3916-NRPAP,0,0.17
3002,4298-OYIFC,0,0.17
1181,1734-ZMNTZ,0,0.17
4904,6905-NIQIN,1,0.46
3321,4729-XKASR,1,0.46
3850,5406-KGRMX,0,0.17
5436,7649-SIJJF,0,0.17
1741,2533-TIBIX,0,0.17
2562,3663-MITLP,1,0.46
6231,8809-XKHMD,0,0.17
2603,3716-UVSPD,0,0.17
822,1202-KKGFU,0,0.17
4103,5802-ADBRC,0,0.17
314,0463-ZSDNT,0,0.17
3895,5480-TBGPH,1,0.46
767,1116-DXXDF,0,0.17
5177,7279-BUYWN,1,0.46
2997,4291-SHSBH,0,0.17
4073,5751-USDBL,0,0.17
4532,6384-VMJHP,0,0.17
4613,6505-OZNPG,0,0.17
3368,4801-KFYKL,0,0.17
3294,4701-MLJPN,1,0.46
2064,2969-WGHQO,0,0.17
1735,2523-EWWZL,0,0.17
2249,3212-KXOCR,0,0.17
3820,5372-FBKBN,0,0.17
6799,9647-ERGBE,1,0.46
4591,6476-YHMGA,0,0.17
1456,2150-UWTFY,1,0.46
3461,4906-ZHGPK,0,0.17
1595,2323-ARSVR,0,0.17
303,0442-ZXKVS,0,0.17
3433,4869-EPIUS,0,0.17
2588,3703-KBKZP,0,0.17
2241,3199-XGZCY,0,0.17
6470,9158-VCTQB,1,0.46
5512,7762-URZQH,1,0.46
1817,2654-VBVPB,0,0.17
4645,6551-ZCOTS,0,0.17
416,0617-FHSGK,1,0.46
3686,5197-LQXXH,0,0.17
5825,8200-KLNYW,0,0.17
3174,4550-EVXNY,1,0.46
5439,7658-UYUQS,0,0.17
620,0909-SDHNU,0,0.17
3192,4573-JKNAE,0,0.17
531,0781-LKXBR,1,0.46
3793,5334-JLAXU,0,0.17
3691,5199-FPUSP,0,0.17
4476,6317-YPKDH,1,0.46
1400,2072-ZVJJX,0,0.17
2921,4163-NCJAK,0,0.17
3529,5006-MXVRN,0,0.17
6548,9298-WGMRW,0,0.17
1856,2692-BUCFV,0,0.17
1598,2325-NBPZG,0,0.17
132,0224-NIJLP,0,0.17
2949,4201-JMNGR,1,0.46
2255,3223-DWFIO,0,0.17
4297,6050-IJRHS,0,0.17
6408,9073-ZZIAY,0,0.17
4067,5734-EJKXG,0,0.17
195,0310-SUCIN,0,0.17
3274,4678-DVQEO,1,0.46
4261,5998-VVEJY,1,0.46
3383,4816-LXZYW,1,0.46
1082,1575-KRZZE,0,0.17
2024,2921-XWDJH,0,0.17
5726,8063-GBATB,1,0.46
607,0887-WBJVH,0,0.17
4396,6198-ZFIOJ,0,0.17
6554,9309-BZGNT,0,0.17
3662,5173-WXOQV,0,0.17
1564,2275-RBYQS,0,0.17
6658,9473-CBZOP,0,0.17
1782,2606-PKWJB,0,0.17
7040,9992-UJOEL,0,0.17
3342,4760-XOHVN,1,0.46
3552,5032-USPKF,0,0.17
3666,5175-AOBHI,1,0.46
2686,3810-DVDQQ,0,0.17
263,0392-BZIUW,0,0.17
722,1064-FBXNK,0,0.17
6894,9793-WECQC,0,0.17
1344,2001-EWBQU,0,0.17
1473,2178-PMGCJ,0,0.17
2311,3312-UUMZW,0,0.17
2839,4043-MKDTV,0,0.17
2870,4088-YLDSU,1,0.46
308,0455-XFASS,0,0.17
4673,6595-COKXZ,1,0.46
1938,2812-REYAT,0,0.17
4633,6537-QLGEX,0,0.17
4237,5980-BDHPY,0,0.17
4728,6656-GULJQ,0,0.17
5592,7874-ECPQJ,0,0.17
6202,8775-ERLNB,0,0.17
5227,7356-IWLFW,0,0.17
2890,4116-TZAQJ,1,0.46
494,0723-VSOBE,0,0.17
3716,5228-EXCET,1,0.46
5585,7861-UVUFT,1,0.46
1320,1963-VAUKV,1,0.46
5365,7576-JMYWV,0,0.17
674,0988-AADSA,0,0.17
2181,3126-WQMGH,0,0.17
1002,1452-KIOVK,0,0.17
6809,9667-EQRXU,1,0.46
4897,6898-MDLZW,0,0.17
1324,1970-KKFWL,0,0.17
194,0310-MVLET,1,0.46
1486,2192-OZITF,0,0.17
706,1042-HFUCW,0,0.17
2557,3656-TKRVZ,1,0.46
2472,3537-RYBHH,0,0.17
363,0533-BNWKF,1,0.46
1931,2806-MLNTI,0,0.17
4053,5708-EVONK,1,0.46
6529,9269-CQOOL,1,0.46
5773,8120-JDCAM,0,0.17
2476,3544-FBCAS,0,0.17
4277,6023-YEBUP,1,0.46
6128,8679-JOEVF,1,0.46
1707,2483-XSSMZ,0,0.17
4273,6017-PPLPX,1,0.46
5498,7740-KKCXF,0,0.17
5110,7181-OQCUT,0,0.17
4732,6663-JOCQO,0,0.17
5334,7534-BFESC,1,0.46
4047,5701-YVSVF,0,0.17
5479,7711-YIJWC,0,0.17
6318,8945-GRKHX,1,0.46
2305,3301-LSLWQ,0,0.17
6388,9053-EJUNL,0,0.17
5028,7067-KSAZT,1,0.46
5499,7742-MYPGI,0,0.17
6808,9661-MHUMO,1,0.46
6204,8777-MBMTS,0,0.17
5477,7710-JSYOA,0,0.17
2142,3071-VBYPO,0,0.17
2418,3460-TJBWI,0,0.17
4385,6179-GJPSO,1,0.46
5425,7636-XUHWW,0,0.17
6176,8741-LQOBK,0,0.17
6541,9286-BHDQG,0,0.17
4031,5685-IIXLY,1,0.46
6458,9139-TWBAS,0,0.17
338,0504-HHAPI,1,0.46
63,0107-WESLM,1,0.46
6978,9904-EHEVJ,0,0.17
692,1024-GUALD,1,0.46
1960,2839-RFSQE,1,0.46
4403,6207-WIOLX,1,0.46
2772,3946-MHCZW,1,0.46
796,1163-ONYEY,0,0.17
1616,2357-COQEK,1,0.46
504,0734-OXWBT,0,0.17
3952,5566-SOEZD,0,0.17
5234,7369-TRPFD,0,0.17
2490,3566-HJGPK,0,0.17
1887,2739-CACDQ,0,0.17
2799,3982-DQLUS,0,0.17
5524,7779-ORAEL,0,0.17
3430,4860-IJUDE,0,0.17
4906,6906-MPARY,0,0.17
6917,9820-RMCQV,1,0.46
6643,9445-SZLCH,1,0.46
623,0916-KNFAJ,0,0.17
1777,2599-CIPQE,0,0.17
2460,3521-SYVOR,1,0.46
2624,3733-UOCWF,0,0.17
5196,7312-XSBAT,0,0.17
3415,4837-PZTIC,0,0.17
6949,9853-JFZDU,0,0.17
4782,6728-DKUCO,0,0.17
4551,6416-TVAIH,1,0.46
255,0380-NEAVX,0,0.17
3794,5336-UFNZP,0,0.17
862,1251-STYSZ,0,0.17
2303,3296-SILRA,1,0.46
1747,2545-LXYVJ,0,0.17
372,0550-DCXLH,0,0.17
161,0263-FJTQO,0,0.17
824,1206-EHBDD,0,0.17
6442,9121-PHQSR,0,0.17
6977,9903-LYSAB,0,0.17
1532,2239-CGBUZ,0,0.17
6073,8608-OZTLB,0,0.17
747,1092-WPIVQ,0,0.17
523,0769-MURVM,0,0.17
598,0875-CABNR,1,0.46
1999,2885-HIJDH,0,0.17
2346,3359-DSRKA,0,0.17
4593,6479-OAUSD,0,0.17
3064,4385-ZKVNW,0,0.17
4496,6341-JVQGF,0,0.17
6934,9837-FWLCH,0,0.17
3797,5339-PXDVH,0,0.17
3717,5229-DTFYB,0,0.17
6831,9702-AIUJO,0,0.17
341,0506-YLVKJ,0,0.17
2938,4191-XOVOM,0,0.17
3898,5482-NUPNA,1,0.46
2253,3219-JQRSL,0,0.17
5416,7629-WFGLW,0,0.17
2401,3429-IFLEM,0,0.17
1374,2038-OEQZH,0,0.17
4416,6227-HWPWX,1,0.46
650,0952-KMEEH,1,0.46
5360,7569-NMZYQ,0,0.17
4912,6916-HIJSE,0,0.17
5264,7416-CKTEP,0,0.17
6578,9355-NPPFS,0,0.17
6748,9578-FOMUK,0,0.17
1286,1915-IOFGU,1,0.46
3371,4804-NCPET,0,0.17
1541,2252-ISRNH,0,0.17
6892,9788-HNGUT,0,0.17
6134,8690-UPCZI,0,0.17
2746,3908-BLSYF,1,0.46
701,1035-IPQPU,0,0.17
4839,6818-WOBHJ,1,0.46
5850,8224-KDLKN,0,0.17
5265,7421-ZLUPA,0,0.17
3117,4471-KXAUH,1,0.46
3233,4631-OACRM,1,0.46
4313,6082-GLJIX,0,0.17
6947,9851-KIELU,1,0.46
332,0488-GSLFR,1,0.46
6609,9391-TTOYH,0,0.17
2104,3018-TFTSU,1,0.46
6946,9850-OWRHQ,1,0.46
4710,6635-CPNUN,0,0.17
444,0654-PQKDW,0,0.17
4093,5787-KXGIY,0,0.17
6406,9069-LGEUL,0,0.17
6005,8473-VUVJN,1,0.46
2211,3165-HDOEW,1,0.46
3302,4707-YNOQA,0,0.17
5810,8181-YHCMF,0,0.17
3065,4389-UEFCZ,0,0.17
1835,2672-TGEFF,0,0.17
5909,8317-BVKSO,0,0.17
1952,2830-LEWOA,0,0.17
4545,6407-UTSLV,0,0.17
6434,9108-EQPNQ,0,0.17
3798,5339-TJFEK,0,0.17
653,0956-SYCWG,0,0.17
3517,4987-GQWPO,0,0.17
1503,2208-NKVVH,0,0.17
2993,4289-DTDKW,1,0.46
3092,4431-EDMIQ,0,0.17
6253,8849-GYOKR,1,0.46
6844,9720-JJJOR,0,0.17
3130,4488-KQFDT,0,0.17
3870,5445-GLVOT,0,0.17
285,0420-TXVSG,0,0.17
313,0463-WZZKO,0,0.17
2084,2990-HWIML,1,0.46
3728,5243-SAOTC,0,0.17
2006,2894-QOJRX,1,0.46
4212,5948-UJZLF,0,0.17
3427,4854-SSLTN,0,0.17
3747,5277-ZLOOR,1,0.46
7028,9972-EWRJS,0,0.17
1470,2172-EJXVF,0,0.17
2424,3470-BTGQO,0,0.17
2227,3186-BAXNB,1,0.46
2815,4003-OCTMP,0,0.17
3044,4360-PNRQB,0,0.17
3855,5419-KLXBN,1,0.46
925,1345-GKDZZ,0,0.17
2134,3066-RRJIO,1,0.46
4774,6719-OXYBR,0,0.17
4665,6583-KQJLK,0,0.17
4044,5699-BNCAS,0,0.17
4677,6599-CEBNN,1,0.46
2644,3756-VNWDH,0,0.17
970,1402-PTHGN,0,0.17
2039,2931-XIQBR,0,0.17
945,1371-DWPAZ,0,0.17
1049,1534-OULXE,0,0.17
939,1357-MVDOZ,0,0.17
1315,1956-YIFGE,0,0.17
1299,1930-QPBVZ,0,0.17
5100,7164-BPTUT,0,0.17
4642,6549-YMFAW,0,0.17
2657,3776-EKTKM,1,0.46
5170,7272-QDCKA,0,0.17
2150,3084-DOWLE,0,0.17
757,1099-GODLO,0,0.17
1993,2878-RMWXY,0,0.17
5689,8016-ZMGMO,0,0.17
5465,7691-XVTZH,0,0.17
6306,8920-NAVAY,0,0.17
884,1285-OKIPP,1,0.46
20,0023-UYUPN,0,0.17
5833,8205-VSLRB,0,0.17
3466,4911-BANWH,1,0.46
6144,8707-HOEDG,0,0.17
2834,4029-HPFVY,0,0.17
6839,9714-EDSUC,0,0.17
6930,9831-BPFRI,1,0.46
6527,9259-PACGQ,1,0.46
2889,4116-IQRFR,0,0.17
1254,1853-ARAAQ,0,0.17
4157,5879-HMFFH,0,0.17
5719,8053-WWDRO,1,0.46
5007,7033-CLAMM,0,0.17
5395,7605-SNLQG,0,0.17
3960,5572-ZDXHY,1,0.46
4540,6400-BWQKW,1,0.46
280,0412-UCCNP,0,0.17
2531,3623-FQBOX,0,0.17
6739,9571-EDEBV,0,0.17
2137,3069-SSVSN,0,0.17
4626,6519-ZHPXP,0,0.17
2172,3104-OWCGK,1,0.46
4246,5986-WWXDV,0,0.17
4785,6729-FZWSY,0,0.17
384,0567-XRHCU,0,0.17
6679,9495-SKLKD,0,0.17
3042,4355-HBJHH,1,0.46
4716,6646-QVXLR,1,0.46
3348,4774-HHGGS,0,0.17
496,0727-BMPLR,1,0.46
5948,8387-UGUSU,0,0.17
5378,7594-LZNWR,0,0.17
5862,8241-JUIQO,0,0.17
6975,9897-KXHCM,1,0.46
1893,2749-CTKAJ,0,0.17
4998,7025-IWFHT,0,0.17
5789,8149-RSOUN,1,0.46
3806,5353-WILCI,0,0.17
2281,3258-ZKPAI,0,0.17
5917,8329-IBCTI,1,0.46
5068,7129-ACFOG,0,0.17
1451,2143-LJULT,0,0.17
4227,5965-GGPRW,0,0.17
6083,8623-TMRBY,1,0.46
5713,8048-DSDFQ,0,0.17
6836,9710-NJERN,0,0.17
6008,8481-YYXWG,1,0.46
6856,9741-YLNTD,0,0.17
4903,6904-JLBGY,0,0.17
4684,6609-MXJHJ,0,0.17
857,1241-FPMOF,0,0.17
1643,2386-OWURY,0,0.17
5,0013-MHZWF,0,0.17
2503,3580-HYCSP,0,0.17
1145,1685-VAYJF,0,0.17
5645,7963-GQRMY,1,0.46
3329,4742-DRORA,0,0.17
6099,8637-XJIVR,1,0.46
3901,5485-ITNPC,0,0.17
6350,8992-CEUEN,0,0.17
4045,5701-GUXDC,0,0.17
1187,1750-CSKKM,1,0.46
244,0374-FIUCA,0,0.17
5094,7157-SMCFK,0,0.17
6437,9114-AAFQH,0,0.17
223,0345-HKJVM,1,0.46
6908,9803-FTJCG,0,0.17
896,1304-NECVQ,1,0.46
4262,5999-LCXAO,0,0.17
5591,7873-CVMAW,0,0.17
5456,7674-YTAFD,0,0.17
85,0136-IFMYD,0,0.17
888,1297-VQDRP,0,0.17
3013,4312-GVYNH,0,0.17
5272,7434-SHXLS,1,0.46
742,1089-XZWHH,0,0.17
2072,2982-VPSGI,1,0.46
5507,7754-IXRMC,0,0.17
6121,8670-ERCJH,0,0.17
5813,8183-ONMXC,1,0.46
3913,5505-OVWQW,0,0.17
965,1399-OUPJN,0,0.17
4336,6120-RJKLU,0,0.17
799,1167-OYZJF,0,0.17
2604,3717-FDJFU,0,0.17
770,1121-QSIVB,0,0.17
3478,4927-WWOOZ,0,0.17
1778,2599-CZABP,0,0.17
3875,5447-WZAFP,0,0.17
4568,6439-GTPCA,1,0.46
6696,9509-MPYOD,0,0.17
4066,5732-IKGQH,0,0.17
529,0778-NELLA,1,0.46
6082,8622-ZLFKO,0,0.17
5988,8444-WRIDW,1,0.46
2589,3703-TTEPD,0,0.17
6314,8938-UMKPI,1,0.46
1477,2186-QZEYA,0,0.17
6875,9767-FFLEM,0,0.17
117,0206-OYVOC,0,0.17
4175,5902-WBLSE,0,0.17
2682,3806-YAZOV,0,0.17
2233,3192-NQECA,1,0.46
335,0495-RVCBF,1,0.46
855,1240-KNSEZ,1,0.46
3191,4572-DVCGN,1,0.46
2664,3785-NRHYR,0,0.17
1590,2320-SLKMB,0,0.17
4407,6212-ATMLK,0,0.17
2439,3494-JCHRQ,1,0.46
5375,7590-VHVEG,0,0.17
6954,9866-OCCKE,0,0.17
3892,5474-LAMUQ,0,0.17
6029,8540-ZQGEA,0,0.17
5543,7803-XOCCZ,0,0.17
5546,7812-FZHPE,1,0.46
447,0657-DOGUM,0,0.17
6274,8878-RYUKI,0,0.17
4322,6097-EQISJ,1,0.46
6091,8628-MFKAX,0,0.17
66,0112-QAWRZ,0,0.17
5076,7134-HBPBS,0,0.17
334,0491-KAPQG,0,0.17
5968,8409-WQJUX,0,0.17
6806,9661-ACXBS,1,0.46
7039,9992-RRAMN,1,0.46
1006,1453-RZFON,0,0.17
3535,5016-ETTFF,1,0.46
418,0619-OLYUR,0,0.17
4483,6328-ZPBGN,1,0.46
5245,7395-IGJOS,1,0.46
1928,2804-ETQDK,0,0.17
807,1174-FGIFN,0,0.17
1298,1930-BZLHI,0,0.17
3591,5090-EMGTC,0,0.17
5980,8433-WXGNA,1,0.46
3671,5177-RVZNU,0,0.17
4278,6024-RUGGH,0,0.17
6598,9375-MHRRS,0,0.17
2467,3530-CRZSB,0,0.17
2542,3639-XJHKQ,0,0.17
568,0836-SEYLU,1,0.46
1173,1728-BQDMA,0,0.17
3640,5149-TGWDZ,0,0.17
3052,4367-NUYAO,0,0.17
3122,4480-MBMLB,0,0.17
2794,3976-HXHCE,0,0.17
170,0274-JKUJR,0,0.17
2188,3134-DSHVC,0,0.17
3388,4818-DRBQT,1,0.46
396,0584-BJQGZ,0,0.17
1818,2656-FMOKZ,1,0.46
6055,8580-QVLOC,1,0.46
4077,5759-RCVCB,1,0.46
5326,7521-YXVZY,0,0.17
6022,8513-OLYGY,0,0.17
318,0471-LVHGK,1,0.46
5823,8198-RKSZG,0,0.17
4606,6496-SLWHQ,1,0.46
6327,8961-QDZZJ,0,0.17
46,0080-EMYVY,0,0.17
4704,6629-CZTTH,1,0.46
3823,5376-DEQCP,1,0.46
6891,9787-XVQIU,1,0.46
4254,5995-SNNEW,0,0.17
6603,9386-LDCZR,0,0.17
1733,2522-AHJXR,0,0.17
2017,2908-ZTPNF,0,0.17
5749,8087-LGYHQ,0,0.17
109,0193-ESZXP,1,0.46
2463,3523-QRQLL,1,0.46
3973,5598-IKHQQ,0,0.17
3159,4530-NDRKU,0,0.17
4892,6893-ODYYE,0,0.17
912,1328-EUZHC,0,0.17
6291,8902-ZEOVF,0,0.17
6222,8800-JOOCF,0,0.17
4944,6963-EZQEE,0,0.17
3311,4716-MRVEN,0,0.17
4279,6029-CSMJE,0,0.17
4134,5846-ABOBJ,0,0.17
6001,8467-WYNSR,0,0.17
4398,6199-IWKGC,0,0.17
3318,4724-WXVWF,0,0.17
6775,9620-ENEJV,0,0.17
1251,1850-AKQEP,0,0.17
6145,8707-RMEZH,0,0.17
6544,9290-SHCMB,0,0.17
800,1169-SAOCL,0,0.17
2918,4160-AMJTL,1,0.46
1623,2362-IBOOY,1,0.46
3977,5602-BVFMK,0,0.17
6189,8752-STIVR,1,0.46
5228,7359-PTSXY,1,0.46
2327,3327-YBAKM,0,0.17
1161,1705-GUHPV,0,0.17
6232,8812-ZRHFP,0,0.17
3251,4652-NNHNY,1,0.46
5187,7297-DVYGA,0,0.17
3683,5195-KPUNQ,0,0.17
1258,1862-QRWPE,0,0.17
232,0361-HJRDX,0,0.17
839,1221-GHZEP,0,0.17
6097,8634-CILSZ,1,0.46
4344,6128-AQBMT,0,0.17
936,1355-KUSBG,0,0.17
1520,2230-XTUWL,0,0.17
2093,3002-WQZWT,0,0.17
2505,3583-EKAPL,1,0.46
1416,2085-BOJKI,0,0.17
6721,9546-KDTRB,0,0.17
3199,4584-LBNMK,0,0.17
860,1248-DYXUB,0,0.17
1114,1626-ERCMM,1,0.46
6713,9534-NSXEM,0,0.17
1892,2748-MYRVK,1,0.46
5125,7209-JCUDS,1,0.46
484,0707-HOVVN,0,0.17
4109,5811-IWXYM,0,0.17
4383,6177-PEVRA,0,0.17
520,0756-MPZRL,0,0.17
2447,3507-GASNP,0,0.17
4501,6347-DCUIK,1,0.46
1655,2404-JIBFC,0,0.17
6169,8735-SDUFN,0,0.17
4257,5996-EBTKM,0,0.17
6174,8740-CRYFY,1,0.46
6964,9881-VCZEP,0,0.17
1253,1852-XEMDW,0,0.17
3190,4570-QHXHL,0,0.17
3524,4998-IKFSE,0,0.17
2219,3174-RKMOW,0,0.17
6591,9367-TCUYN,0,0.17
5637,7945-PRBVF,0,0.17
3707,5215-LNLDJ,0,0.17
5511,7762-ONLJY,0,0.17
1230,1820-TQVEV,1,0.46
6180,8747-UDCOI,0,0.17
5276,7445-WMRBW,0,0.17
3056,4373-VVHQL,0,0.17
4173,5899-MQZZL,1,0.46
5987,8443-ZRDBZ,1,0.46
4388,6184-DYUOB,0,0.17
2554,3653-NCRDJ,0,0.17
3149,4521-YEEHE,0,0.17
1551,2263-SFSQZ,0,0.17
6502,9224-VTYID,0,0.17
6784,9629-NHXFW,0,0.17
417,0618-XWMSS,1,0.46
5656,7973-DZRKH,0,0.17
631,0927-LCSMG,1,0.46
13,0019-EFAEP,0,0.17
5060,7113-HIPFI,0,0.17
2907,4139-DETXS,0,0.17
4365,6158-HDPXZ,0,0.17
365,0536-ACXIP,0,0.17
1111,1624-NALOJ,1,0.46
5010,7037-MTYVW,0,0.17
3943,5550-VFRLC,1,0.46
1752,2560-PPCHE,0,0.17
1645,2388-LAESQ,0,0.17
4133,5845-BZZIB,0,0.17
3147,4518-FZBSX,0,0.17
5907,8314-HTWVE,0,0.17
1057,1545-ACTAS,0,0.17
3704,5213-TWWJU,0,0.17
1698,2475-MROZF,0,0.17
560,0824-VWDPO,0,0.17
942,1360-XFJMR,0,0.17
6390,9054-FOWNV,0,0.17
4849,6837-HAEVO,0,0.17
927,1346-PJWTK,0,0.17
4543,6402-ZFPPI,1,0.46
3515,4983-CLMLV,0,0.17
6900,9798-DRYDS,0,0.17
6315,8942-DBMHZ,0,0.17
3725,5240-CAOYT,0,0.17
4546,6408-OTUBZ,0,0.17
5371,7581-EBBOU,0,0.17
854,1240-HCBOH,0,0.17
2053,2958-NHPPS,0,0.17
393,0581-BXBUB,0,0.17
5700,8033-VCZGH,0,0.17
1702,2480-EJWYP,0,0.17
5564,7839-NUIAA,0,0.17
1673,2439-LYPMQ,0,0.17
3455,4897-QSUYC,1,0.46
1121,1636-NTNCO,0,0.17
5066,7126-RBHSD,0,0.17
4060,5724-BIDBU,0,0.17
6662,9479-HYNYL,0,0.17
4862,6854-EXGSF,0,0.17
2835,4030-VPZBD,1,0.46
6503,9225-BZLNZ,0,0.17
3464,4910-AQFFX,1,0.46
6435,9110-HSGTV,0,0.17
6827,9699-UBQFS,0,0.17
630,0927-CNGRH,0,0.17
3624,5136-GFPMB,0,0.17
1888,2739-CCZMB,0,0.17
697,1028-FFNJK,0,0.17
3305,4710-NKCAW,0,0.17
4982,7009-LGECI,0,0.17
6755,9588-YRFHY,0,0.17
4197,5924-SNGKP,0,0.17
923,1342-JPNKI,1,0.46
614,0899-LIIBW,0,0.17
1079,1571-SAVHK,1,0.46
2373,3398-ZOUAA,1,0.46
3838,5392-AKEMH,0,0.17
5781,8138-EALND,0,0.17
4632,6537-OTKMY,0,0.17
5523,7779-LGOVN,1,0.46
2596,3709-OIJEA,0,0.17
1433,2111-DWYHN,0,0.17
5932,8357-EQXFO,1,0.46
4236,5977-CKHON,0,0.17
260,0386-CWRGM,0,0.17
4178,5906-DVAPM,0,0.17
2875,4097-YODCF,0,0.17
321,0480-BIXDE,0,0.17
648,0947-IDHRQ,1,0.46
298,0440-EKDCF,0,0.17
6823,9692-TUSXH,1,0.46
1904,2773-OVBPK,0,0.17
15,0020-INWCK,0,0.17
1136,1666-JZPZT,0,0.17
3833,5384-ZTTWP,0,0.17
5312,7503-ZGUZJ,1,0.46
2015,2907-ILJBN,0,0.17
6081,8621-MNIHH,1,0.46
6571,9347-AERRL,0,0.17
1510,2219-MVUSO,1,0.46
3678,5186-PEIZU,0,0.17
4435,6253-GNHWH,0,0.17
3208,4598-XLKNJ,1,0.46
2314,3315-IKYZQ,0,0.17
776,1131-SUEKT,0,0.17
1581,2303-PJYHN,0,0.17
1440,2123-AGEEN,0,0.17
291,0428-IKYCP,0,0.17
4780,6727-IOTLZ,0,0.17
3401,4826-TZEVA,0,0.17
2793,3976-BWUCK,1,0.46
2774,3948-KXDUF,0,0.17
5959,8401-EMUWF,0,0.17
6354,8993-IZEUX,0,0.17
3625,5136-KCKGI,1,0.46
3244,4641-FROLU,0,0.17
7001,9933-QRGTX,0,0.17
1172,1725-MIMXW,1,0.46
878,1270-XKUCC,0,0.17
2240,3199-NPKCN,0,0.17
3684,5196-SGOAK,1,0.46
2653,3768-VHXQO,0,0.17
6832,9705-IOVQQ,0,0.17
3306,4712-AUQZO,0,0.17
2069,2978-XXSOG,0,0.17
4977,6999-CHVCF,0,0.17
2512,3589-PPVKW,0,0.17
2752,3914-FDRHP,0,0.17
4536,6393-WRYZE,1,0.46
2061,2968-SSGAA,1,0.46
1522,2233-FAGXV,0,0.17
2587,3701-SFMUH,0,0.17
511,0744-BIKKF,0,0.17
5174,7277-KAMWT,0,0.17
6186,8751-EDEKA,0,0.17
1244,1842-EZJMK,1,0.46
5855,8229-MYEJZ,0,0.17
3351,4779-ZGICK,0,0.17
2904,4137-BTIKL,0,0.17
5569,7850-THJMU,0,0.17
510,0743-HRVFF,0,0.17
69,0114-PEGZZ,0,0.17
6336,8972-HJWNV,1,0.46
2675,3798-EPWRR,0,0.17
2723,3873-WOSBC,0,0.17
3848,5404-GGUKR,0,0.17
4883,6877-TJMBR,1,0.46
2184,3130-ICDUP,0,0.17
5397,7607-QKKTJ,0,0.17
2158,3091-FYHKI,1,0.46
512,0744-GKNGE,0,0.17
2294,3279-DYZQM,0,0.17
3095,4439-JMPMT,1,0.46
6316,8943-URTMR,1,0.46
4507,6352-TWCAU,1,0.46
1918,2792-VPPET,0,0.17
5411,7622-NXQZR,0,0.17
3023,4323-SADQS,1,0.46
4155,5876-HZVZM,1,0.46
3400,4826-DXMUP,0,0.17
5782,8143-ETQTI,0,0.17
1902,2770-NSVDG,0,0.17
2659,3778-FOAQW,0,0.17
6352,8992-OBVDG,0,0.17
6485,9185-TQCVP,1,0.46
6611,9392-XBGTD,0,0.17
521,0757-WCUUZ,0,0.17
383,0567-GGCAC,0,0.17
4392,6195-MELTI,0,0.17
1654,2403-BCASL,1,0.46
595,0872-CASZJ,0,0.17
1086,1580-BMCMR,0,0.17
252,0378-TOVMS,1,0.46
2185,3131-NWVFJ,0,0.17
231,0357-NVCRI,0,0.17
4249,5989-PGKJB,0,0.17
632,0928-JMXNP,0,0.17
3627,5138-WVKYJ,1,0.46
6339,8976-OQHGT,1,0.46
966,1399-UBQIU,0,0.17
2535,3629-ZNKXA,0,0.17
5284,7459-RRWQZ,1,0.46
6727,9553-DLCLU,0,0.17
2960,4228-ZGYUW,1,0.46
5565,7839-QRKXN,1,0.46
4913,6917-FIJHC,0,0.17
163,0265-EDXBD,1,0.46
2358,3374-TTZTK,0,0.17
3775,5312-TSZVC,0,0.17
1201,1767-TGTKO,0,0.17
3406,4828-FAZPK,0,0.17
3087,4424-TKOPW,1,0.46
1732,2521-NPUZR,0,0.17
2050,2956-GGUCQ,1,0.46
3785,5322-ZSMZY,0,0.17
1833,2672-HUYVI,1,0.46
6203,8775-LHDJH,1,0.46
3007,4304-TSPVK,0,0.17
3381,4815-YOSUK,0,0.17
1382,2043-WVTQJ,0,0.17
4723,6651-RLGGM,0,0.17
4268,6010-DDPPW,0,0.17
1019,1471-GIQKQ,0,0.17
1124,1641-RQDAY,0,0.17
1639,2380-DAMQP,0,0.17
5509,7758-XKCBS,1,0.46
5150,7245-JMTTQ,0,0.17
4895,6897-RWMUB,0,0.17
6120,8668-KNZTI,0,0.17
2600,3714-XPXBW,0,0.17
4232,5970-GHJAW,0,0.17
6031,8543-MSDMF,0,0.17
890,1299-AURJA,0,0.17
5852,8225-BTJAU,1,0.46
325,0484-JPBRU,0,0.17
4307,6075-QMNRR,0,0.17
3840,5393-RXQSZ,1,0.46
2385,3413-CSSTH,0,0.17
769,1120-BMWUB,1,0.46
1366,2027-OAQQC,1,0.46
2917,4159-NAAIX,0,0.17
5492,7730-CLDSV,0,0.17
3162,4536-PLEQY,0,0.17
554,0817-HSUSE,0,0.17
2969,4238-HFHSN,0,0.17
5491,7729-XBTWX,0,0.17
1825,2662-NNTDK,0,0.17
2384,3413-BMNZE,0,0.17
6585,9361-YNQWJ,0,0.17
1807,2637-FKFSY,0,0.17
1609,2346-CZYIL,0,0.17
6650,9453-PATOS,0,0.17
952,1383-EZRWL,1,0.46
1075,1567-DSCIC,1,0.46
1087,1582-RAFML,1,0.46
6158,8722-PRFDV,0,0.17
2392,3422-GALYP,0,0.17
5394,7605-BDWDC,0,0.17
4110,5813-UECBU,1,0.46
1359,2023-VQFDL,0,0.17
3476,4925-LMHOK,1,0.46
1174,1728-CXQBE,0,0.17
2136,3068-OMWZA,1,0.46
3873,5446-DKWYW,0,0.17
3808,5356-KZCKT,0,0.17
961,1395-OFUWC,0,0.17
2631,3744-ZBHON,0,0.17
2945,4195-PNGZS,0,0.17
3815,5365-LLFYV,0,0.17
2524,3612-YUNGG,0,0.17
4832,6807-SIWJI,0,0.17
6228,8807-OPMBM,0,0.17
4569,6439-LAJXL,0,0.17
1186,1746-TGTWV,0,0.17
1272,1891-QRQSA,0,0.17
5021,7055-JCGNI,0,0.17
5011,7041-TXQJH,0,0.17
2041,2933-XEUJM,0,0.17
3946,5555-RNPGT,0,0.17
5927,8347-GDTMP,0,0.17
3297,4703-MQYKT,0,0.17
2628,3737-XBQDD,0,0.17
5557,7824-PANSQ,0,0.17
6293,8903-XEBGX,0,0.17
1130,1658-TJVOA,0,0.17
3323,4732-RRJZC,0,0.17
3902,5485-WUYWF,1,0.46
1252,1852-QSWCD,0,0.17
3628,5140-FOMCQ,0,0.17
1860,2696-NARTR,1,0.46
2013,2904-GGUAZ,0,0.17
5595,7876-DNYAP,0,0.17
186,0302-JOIVN,1,0.46
3282,4690-LLKUA,1,0.46
6089,8627-EHGIP,1,0.46
3614,5129-HHMZC,0,0.17
4042,5697-GOMBF,0,0.17
3429,4859-ZSRDZ,0,0.17
3103,4450-MDZFX,0,0.17
5404,7614-QVWQL,1,0.46
6627,9415-ZNBSX,0,0.17
4243,5982-XMDEX,0,0.17
326,0485-ZBSLN,0,0.17
5522,7777-UNYHB,0,0.17
6402,9067-SQTNS,0,0.17
3755,5294-CDGWY,1,0.46
6345,8984-HPEMB,0,0.17
238,0365-GXEZS,0,0.17
4567,6437-UKHMV,1,0.46
6468,9153-BTBVV,0,0.17
427,0623-GDISB,0,0.17
3493,4948-WBBKL,0,0.17
6698,9512-UIBFX,1,0.46
803,1171-TYKUR,0,0.17
2982,4274-OWWYO,1,0.46
65,0111-KLBQG,0,0.17
5995,8456-QDAVC,0,0.17
6769,9611-CTWIH,1,0.46
6683,9499-XPZXM,0,0.17
5052,7105-BENQF,0,0.17
1983,2868-LLSKM,0,0.17
1031,1492-KGETH,0,0.17
5504,7750-EYXWZ,0,0.17
4165,5889-JTMUL,1,0.46
3959,5570-PTWEH,1,0.46
5846,8221-EQDGL,0,0.17
3908,5498-TXHLF,1,0.46
5940,8375-KVTHK,0,0.17
4691,6616-AALSR,0,0.17
4808,6765-MBQNU,0,0.17
4667,6583-SZVGP,0,0.17
6906,9801-NOSHQ,0,0.17
4630,6527-PZFPV,0,0.17
6920,9822-BIIGN,0,0.17
4893,6894-LFHLY,1,0.46
6628,9418-RUKPH,0,0.17
2340,3349-ANQNH,0,0.17
2674,3797-VTIDR,1,0.46
5459,7682-AZNDK,0,0.17
6056,8582-KRHPJ,0,0.17
5292,7471-WNSUF,0,0.17
726,1073-XXCZD,0,0.17
4009,5651-CPDND,0,0.17
243,0374-AACSZ,0,0.17
6378,9039-RBEEE,1,0.46
2987,4282-ACRXS,0,0.17
676,0991-BRRFB,1,0.46
4555,6419-ZTTLE,0,0.17
4830,6804-GDMOI,1,0.46
2110,3027-ZTDHO,1,0.46
546,0807-ZABDG,1,0.46
1523,2233-TXSIU,0,0.17
1030,1488-SYSFC,0,0.17
6819,9685-WKZGT,1,0.46
4423,6234-RAAPL,0,0.17
5815,8185-UPYBR,1,0.46
5160,7253-UVNDW,1,0.46
4440,6258-PVZWJ,0,0.17
